Workbook
Name data_range: OFFSET([1]data!$A$2, 0, 0, [1]calculation!$B$1, [1]calculation!$B$2)
Name data_range: OFFSET(data!$A$2, 0, 0, calculation!$B$1, calculation!$B$2)
Name figure1_home: OFFSET('[1]Figure 1 Background Data'!$C$8, 0, 0, [1]calculation!$B$7, 1)
Name figure1_hospital: OFFSET('[1]Figure 1 Background Data'!$D$8, 0, 0, [1]calculation!$B$7, 1)
Name figure1_year: OFFSET('[1]Figure 1 Background Data'!$B$8, 0, 0, [1]calculation!$B$7, 1)
Name figurea11percent: OFFSET('Figure A1-1 - HB'!$N$8, 0,0, 1, COUNTA('Figure A1-1 - HB'!$8:$8)-1)
Name figurea11year: OFFSET('Figure A1-1 - HB'!$N$7, 0, 0, 1, COUNTA('Figure A1-1 - HB'!$7:$7))
Name figurea12percent: OFFSET('Figure A1-2 - HSCP'!$N$8, 0,0, 1, COUNTA('Figure A1-2 - HSCP'!$8:$8)-1)
Name figurea12year: OFFSET('Figure A1-2 - HSCP'!$N$7, 0, 0, 1, COUNTA('Figure A1-2 - HSCP'!$7:$7))
Name figurea13percent: OFFSET('Figure A1-3 - Deprivation'!$N$8, 0,0, 1, COUNTA('Figure A1-3 - Deprivation'!$8:$8)-1)
Name figurea13year: OFFSET('Figure A1-3 - Deprivation'!$N$7, 0, 0, 1, COUNTA('Figure A1-3 - Deprivation'!$7:$7))
Name figurea14percent: OFFSET('Figure A1-4 - Urban Rural'!$N$8, 0,0, 1, COUNTA('Figure A1-4 - Urban Rural'!$8:$8)-1)
Name figurea14year: OFFSET('Figure A1-4 - Urban Rural'!$N$7, 0, 0, 1, COUNTA('Figure A1-4 - Urban Rural'!$7:$7))
Name fy_max: OFFSET('[1]Figure 1 Background Data'!$A$7, [1]calculation!$B$7, 0, 1, 1)
Name fy_max: calculation!$K$9
Name fy_range: OFFSET([1]data!$B$2, 0, 0, [1]calculation!$B$1, 1)
Name fy_range: OFFSET(data!$B$2, 0, 0, calculation!$B$1, 1)

Sheet Notes
B1: =""
B2: Quality Outcome Measure 10: Percentage of time in the last 6 months of life spent at home or in a community setting
B4: Please read the notes below before looking at the data.
B6: Table 1: Percentage of time in the last six months of life spent at home or in a community setting; by NHS Board of Residence
B7: Table 2: Percentage of time in the last six months of life spent at home or in a community setting; by Health and Social Care Partnership
B8: Table 3: Percentage of time in the last six months of life spent at home or in a community setting; by Age and Sex
B9: Table 4: Percentage of time in the last six months of life spent at home or in a community setting; by Deprivation Category
B10: Table 5: Percentage of time in the last six months of life spent at home or in a community setting; by Urban/Rural Classification
B11: Table 6: Percentage of time in the last six months of life spent at home or in a community setting; by Local Authority
B13: Source: SMR01 - Acute Inpatient and Day Case, SMR01 Geriatric Long Stay (GLS), SMR04 - Mental Health Inpatient and Day Case, National Records of Scotland (NRS) death records
B14: Health and Social Care Team, PHS
B16: Measure notes
B18: p. | C18: =calculation!$E$15 -> #REF!
C19: See Appendix 2 of the full report for more information.
B21: 1. | C21: The length of hospital stays in 2020/21 and 2021/22 are likely to have been impacted by measures in place at different stages of the COVID-19 pandemic. This may be an underlying reason for the larger increase in the percentage of time spent at home or in a community setting between 2019/20 and 2020/21.
B23: 2. | C23: This measure has been calculated by subtracting the number of bed days spent in an acute, mental health or geriatric long stay hospital in the 6 months prior to death from the maximum number of bed days someone could have spent in hospital in the 6 months prior to death (182.5 days).
B43: 3. | C43: Number of bed days includes both elective and emergency admissions.
B45: 4. | C45: People who died where an external cause of death is coded on the death record have been excluded from the analysis.
C46: For full details of the external causes of death which have been omitted, please click here.
C47: Please note that people who died where a fall is coded on the death record are included within the cohort; W00-W19 Falls
B49: 5. | C49: NHS Board, Health and Social Care Partnership and Local Authority relate to location of residence at time of death. NHS Board figures are based on the 2019 boundaries.
B51: 6. | C51: These statistics are derived from data collected on discharges from acute and community hospitals (SMR01), pyschiatric hospitals (SMR04) and geriatric long stay facilities (SMR01 GLS) in Scotland.

Sheet Table 1 - HB
B1: =Notes!B1:O1
B2: Table 1: Percentage of last six months of life spent at home or in a community setting
B3: by NHS Board of Residence
L5: Financial Year Ending 31st March
B7: NHS Board of Residence | C7: =calculation!B$10 -> #REF! | D7: =calculation!C$10 -> #REF! | E7: =calculation!D$10 -> #REF! | F7: =calculation!E$10 -> #REF! | G7: =calculation!F$10 -> #REF! | H7: =calculation!G$10 -> #REF! | I7: =calculation!H$10 -> #REF! | J7: =calculation!I$10 -> #REF! | ... L7: =calculation!K$10 -> #REF!
B8: Ayrshire and Arran | C8: =VLOOKUP(CONCATENATE(LEFT(C$7, 7), "hb", "NHS ", $B8), [0]!data_range, 5, FALSE) -> #REF! | D8: =VLOOKUP(CONCATENATE(LEFT(D$7, 7), "hb", "NHS ", $B8), [0]!data_range, 5, FALSE) -> #REF! | E8: =VLOOKUP(CONCATENATE(LEFT(E$7, 7), "hb", "NHS ", $B8), [0]!data_range, 5, FALSE) -> #REF! | F8: =VLOOKUP(CONCATENATE(LEFT(F$7, 7), "hb", "NHS ", $B8), [0]!data_range, 5, FALSE) -> #REF! | G8: =VLOOKUP(CONCATENATE(LEFT(G$7, 7), "hb", "NHS ", $B8), [0]!data_range, 5, FALSE) -> #REF! | H8: =VLOOKUP(CONCATENATE(LEFT(H$7, 7), "hb", "NHS ", $B8), [0]!data_range, 5, FALSE) -> #REF! | I8: =VLOOKUP(CONCATENATE(LEFT(I$7, 7), "hb", "NHS ", $B8), [0]!data_range, 5, FALSE) -> #REF! | J8: =VLOOKUP(CONCATENATE(LEFT(J$7, 7), "hb", "NHS ", $B8), [0]!data_range, 5, FALSE) -> #REF! | ... L8: =VLOOKUP(CONCATENATE(LEFT(L$7, 7), "hb", "NHS ", $B8), [0]!data_range, 5, FALSE) -> #REF!
B9: Borders | C9: =VLOOKUP(CONCATENATE(LEFT(C$7, 7), "hb", "NHS ", $B9), [0]!data_range, 5, FALSE) -> #REF! | D9: =VLOOKUP(CONCATENATE(LEFT(D$7, 7), "hb", "NHS ", $B9), [0]!data_range, 5, FALSE) -> #REF! | E9: =VLOOKUP(CONCATENATE(LEFT(E$7, 7), "hb", "NHS ", $B9), [0]!data_range, 5, FALSE) -> #REF! | F9: =VLOOKUP(CONCATENATE(LEFT(F$7, 7), "hb", "NHS ", $B9), [0]!data_range, 5, FALSE) -> #REF! | G9: =VLOOKUP(CONCATENATE(LEFT(G$7, 7), "hb", "NHS ", $B9), [0]!data_range, 5, FALSE) -> #REF! | H9: =VLOOKUP(CONCATENATE(LEFT(H$7, 7), "hb", "NHS ", $B9), [0]!data_range, 5, FALSE) -> #REF! | I9: =VLOOKUP(CONCATENATE(LEFT(I$7, 7), "hb", "NHS ", $B9), [0]!data_range, 5, FALSE) -> #REF! | J9: =VLOOKUP(CONCATENATE(LEFT(J$7, 7), "hb", "NHS ", $B9), [0]!data_range, 5, FALSE) -> #REF! | ... L9: =VLOOKUP(CONCATENATE(LEFT(L$7, 7), "hb", "NHS ", $B9), [0]!data_range, 5, FALSE) -> #REF!
B10: Dumfries and Galloway | C10: =VLOOKUP(CONCATENATE(LEFT(C$7, 7), "hb", "NHS ", $B10), [0]!data_range, 5, FALSE) -> #REF! | D10: =VLOOKUP(CONCATENATE(LEFT(D$7, 7), "hb", "NHS ", $B10), [0]!data_range, 5, FALSE) -> #REF! | E10: =VLOOKUP(CONCATENATE(LEFT(E$7, 7), "hb", "NHS ", $B10), [0]!data_range, 5, FALSE) -> #REF! | F10: =VLOOKUP(CONCATENATE(LEFT(F$7, 7), "hb", "NHS ", $B10), [0]!data_range, 5, FALSE) -> #REF! | G10: =VLOOKUP(CONCATENATE(LEFT(G$7, 7), "hb", "NHS ", $B10), [0]!data_range, 5, FALSE) -> #REF! | H10: =VLOOKUP(CONCATENATE(LEFT(H$7, 7), "hb", "NHS ", $B10), [0]!data_range, 5, FALSE) -> #REF! | I10: =VLOOKUP(CONCATENATE(LEFT(I$7, 7), "hb", "NHS ", $B10), [0]!data_range, 5, FALSE) -> #REF! | J10: =VLOOKUP(CONCATENATE(LEFT(J$7, 7), "hb", "NHS ", $B10), [0]!data_range, 5, FALSE) -> #REF! | ... L10: =VLOOKUP(CONCATENATE(LEFT(L$7, 7), "hb", "NHS ", $B10), [0]!data_range, 5, FALSE) -> #REF!
B11: Fife | C11: =VLOOKUP(CONCATENATE(LEFT(C$7, 7), "hb", "NHS ", $B11), [0]!data_range, 5, FALSE) -> #REF! | D11: =VLOOKUP(CONCATENATE(LEFT(D$7, 7), "hb", "NHS ", $B11), [0]!data_range, 5, FALSE) -> #REF! | E11: =VLOOKUP(CONCATENATE(LEFT(E$7, 7), "hb", "NHS ", $B11), [0]!data_range, 5, FALSE) -> #REF! | F11: =VLOOKUP(CONCATENATE(LEFT(F$7, 7), "hb", "NHS ", $B11), [0]!data_range, 5, FALSE) -> #REF! | G11: =VLOOKUP(CONCATENATE(LEFT(G$7, 7), "hb", "NHS ", $B11), [0]!data_range, 5, FALSE) -> #REF! | H11: =VLOOKUP(CONCATENATE(LEFT(H$7, 7), "hb", "NHS ", $B11), [0]!data_range, 5, FALSE) -> #REF! | I11: =VLOOKUP(CONCATENATE(LEFT(I$7, 7), "hb", "NHS ", $B11), [0]!data_range, 5, FALSE) -> #REF! | J11: =VLOOKUP(CONCATENATE(LEFT(J$7, 7), "hb", "NHS ", $B11), [0]!data_range, 5, FALSE) -> #REF! | ... L11: =VLOOKUP(CONCATENATE(LEFT(L$7, 7), "hb", "NHS ", $B11), [0]!data_range, 5, FALSE) -> #REF!
B12: Forth Valley | C12: =VLOOKUP(CONCATENATE(LEFT(C$7, 7), "hb", "NHS ", $B12), [0]!data_range, 5, FALSE) -> #REF! | D12: =VLOOKUP(CONCATENATE(LEFT(D$7, 7), "hb", "NHS ", $B12), [0]!data_range, 5, FALSE) -> #REF! | E12: =VLOOKUP(CONCATENATE(LEFT(E$7, 7), "hb", "NHS ", $B12), [0]!data_range, 5, FALSE) -> #REF! | F12: =VLOOKUP(CONCATENATE(LEFT(F$7, 7), "hb", "NHS ", $B12), [0]!data_range, 5, FALSE) -> #REF! | G12: =VLOOKUP(CONCATENATE(LEFT(G$7, 7), "hb", "NHS ", $B12), [0]!data_range, 5, FALSE) -> #REF! | H12: =VLOOKUP(CONCATENATE(LEFT(H$7, 7), "hb", "NHS ", $B12), [0]!data_range, 5, FALSE) -> #REF! | I12: =VLOOKUP(CONCATENATE(LEFT(I$7, 7), "hb", "NHS ", $B12), [0]!data_range, 5, FALSE) -> #REF! | J12: =VLOOKUP(CONCATENATE(LEFT(J$7, 7), "hb", "NHS ", $B12), [0]!data_range, 5, FALSE) -> #REF! | ... L12: =VLOOKUP(CONCATENATE(LEFT(L$7, 7), "hb", "NHS ", $B12), [0]!data_range, 5, FALSE) -> #REF!
B13: Grampian | C13: =VLOOKUP(CONCATENATE(LEFT(C$7, 7), "hb", "NHS ", $B13), [0]!data_range, 5, FALSE) -> #REF! | D13: =VLOOKUP(CONCATENATE(LEFT(D$7, 7), "hb", "NHS ", $B13), [0]!data_range, 5, FALSE) -> #REF! | E13: =VLOOKUP(CONCATENATE(LEFT(E$7, 7), "hb", "NHS ", $B13), [0]!data_range, 5, FALSE) -> #REF! | F13: =VLOOKUP(CONCATENATE(LEFT(F$7, 7), "hb", "NHS ", $B13), [0]!data_range, 5, FALSE) -> #REF! | G13: =VLOOKUP(CONCATENATE(LEFT(G$7, 7), "hb", "NHS ", $B13), [0]!data_range, 5, FALSE) -> #REF! | H13: =VLOOKUP(CONCATENATE(LEFT(H$7, 7), "hb", "NHS ", $B13), [0]!data_range, 5, FALSE) -> #REF! | I13: =VLOOKUP(CONCATENATE(LEFT(I$7, 7), "hb", "NHS ", $B13), [0]!data_range, 5, FALSE) -> #REF! | J13: =VLOOKUP(CONCATENATE(LEFT(J$7, 7), "hb", "NHS ", $B13), [0]!data_range, 5, FALSE) -> #REF! | ... L13: =VLOOKUP(CONCATENATE(LEFT(L$7, 7), "hb", "NHS ", $B13), [0]!data_range, 5, FALSE) -> #REF!
B14: Greater Glasgow and Clyde | C14: =VLOOKUP(CONCATENATE(LEFT(C$7, 7), "hb", "NHS ", $B14), [0]!data_range, 5, FALSE) -> #REF! | D14: =VLOOKUP(CONCATENATE(LEFT(D$7, 7), "hb", "NHS ", $B14), [0]!data_range, 5, FALSE) -> #REF! | E14: =VLOOKUP(CONCATENATE(LEFT(E$7, 7), "hb", "NHS ", $B14), [0]!data_range, 5, FALSE) -> #REF! | F14: =VLOOKUP(CONCATENATE(LEFT(F$7, 7), "hb", "NHS ", $B14), [0]!data_range, 5, FALSE) -> #REF! | G14: =VLOOKUP(CONCATENATE(LEFT(G$7, 7), "hb", "NHS ", $B14), [0]!data_range, 5, FALSE) -> #REF! | H14: =VLOOKUP(CONCATENATE(LEFT(H$7, 7), "hb", "NHS ", $B14), [0]!data_range, 5, FALSE) -> #REF! | I14: =VLOOKUP(CONCATENATE(LEFT(I$7, 7), "hb", "NHS ", $B14), [0]!data_range, 5, FALSE) -> #REF! | J14: =VLOOKUP(CONCATENATE(LEFT(J$7, 7), "hb", "NHS ", $B14), [0]!data_range, 5, FALSE) -> #REF! | ... L14: =VLOOKUP(CONCATENATE(LEFT(L$7, 7), "hb", "NHS ", $B14), [0]!data_range, 5, FALSE) -> #REF!
B15: Highland | C15: =VLOOKUP(CONCATENATE(LEFT(C$7, 7), "hb", "NHS ", $B15), [0]!data_range, 5, FALSE) -> #REF! | D15: =VLOOKUP(CONCATENATE(LEFT(D$7, 7), "hb", "NHS ", $B15), [0]!data_range, 5, FALSE) -> #REF! | E15: =VLOOKUP(CONCATENATE(LEFT(E$7, 7), "hb", "NHS ", $B15), [0]!data_range, 5, FALSE) -> #REF! | F15: =VLOOKUP(CONCATENATE(LEFT(F$7, 7), "hb", "NHS ", $B15), [0]!data_range, 5, FALSE) -> #REF! | G15: =VLOOKUP(CONCATENATE(LEFT(G$7, 7), "hb", "NHS ", $B15), [0]!data_range, 5, FALSE) -> #REF! | H15: =VLOOKUP(CONCATENATE(LEFT(H$7, 7), "hb", "NHS ", $B15), [0]!data_range, 5, FALSE) -> #REF! | I15: =VLOOKUP(CONCATENATE(LEFT(I$7, 7), "hb", "NHS ", $B15), [0]!data_range, 5, FALSE) -> #REF! | J15: =VLOOKUP(CONCATENATE(LEFT(J$7, 7), "hb", "NHS ", $B15), [0]!data_range, 5, FALSE) -> #REF! | ... L15: =VLOOKUP(CONCATENATE(LEFT(L$7, 7), "hb", "NHS ", $B15), [0]!data_range, 5, FALSE) -> #REF!
B16: Lanarkshire | C16: =VLOOKUP(CONCATENATE(LEFT(C$7, 7), "hb", "NHS ", $B16), [0]!data_range, 5, FALSE) -> #REF! | D16: =VLOOKUP(CONCATENATE(LEFT(D$7, 7), "hb", "NHS ", $B16), [0]!data_range, 5, FALSE) -> #REF! | E16: =VLOOKUP(CONCATENATE(LEFT(E$7, 7), "hb", "NHS ", $B16), [0]!data_range, 5, FALSE) -> #REF! | F16: =VLOOKUP(CONCATENATE(LEFT(F$7, 7), "hb", "NHS ", $B16), [0]!data_range, 5, FALSE) -> #REF! | G16: =VLOOKUP(CONCATENATE(LEFT(G$7, 7), "hb", "NHS ", $B16), [0]!data_range, 5, FALSE) -> #REF! | H16: =VLOOKUP(CONCATENATE(LEFT(H$7, 7), "hb", "NHS ", $B16), [0]!data_range, 5, FALSE) -> #REF! | I16: =VLOOKUP(CONCATENATE(LEFT(I$7, 7), "hb", "NHS ", $B16), [0]!data_range, 5, FALSE) -> #REF! | J16: =VLOOKUP(CONCATENATE(LEFT(J$7, 7), "hb", "NHS ", $B16), [0]!data_range, 5, FALSE) -> #REF! | ... L16: =VLOOKUP(CONCATENATE(LEFT(L$7, 7), "hb", "NHS ", $B16), [0]!data_range, 5, FALSE) -> #REF!
B17: Lothian | C17: =VLOOKUP(CONCATENATE(LEFT(C$7, 7), "hb", "NHS ", $B17), [0]!data_range, 5, FALSE) -> #REF! | D17: =VLOOKUP(CONCATENATE(LEFT(D$7, 7), "hb", "NHS ", $B17), [0]!data_range, 5, FALSE) -> #REF! | E17: =VLOOKUP(CONCATENATE(LEFT(E$7, 7), "hb", "NHS ", $B17), [0]!data_range, 5, FALSE) -> #REF! | F17: =VLOOKUP(CONCATENATE(LEFT(F$7, 7), "hb", "NHS ", $B17), [0]!data_range, 5, FALSE) -> #REF! | G17: =VLOOKUP(CONCATENATE(LEFT(G$7, 7), "hb", "NHS ", $B17), [0]!data_range, 5, FALSE) -> #REF! | H17: =VLOOKUP(CONCATENATE(LEFT(H$7, 7), "hb", "NHS ", $B17), [0]!data_range, 5, FALSE) -> #REF! | I17: =VLOOKUP(CONCATENATE(LEFT(I$7, 7), "hb", "NHS ", $B17), [0]!data_range, 5, FALSE) -> #REF! | J17: =VLOOKUP(CONCATENATE(LEFT(J$7, 7), "hb", "NHS ", $B17), [0]!data_range, 5, FALSE) -> #REF! | ... L17: =VLOOKUP(CONCATENATE(LEFT(L$7, 7), "hb", "NHS ", $B17), [0]!data_range, 5, FALSE) -> #REF!
B18: Orkney | C18: =VLOOKUP(CONCATENATE(LEFT(C$7, 7), "hb", "NHS ", $B18), [0]!data_range, 5, FALSE) -> #REF! | D18: =VLOOKUP(CONCATENATE(LEFT(D$7, 7), "hb", "NHS ", $B18), [0]!data_range, 5, FALSE) -> #REF! | E18: =VLOOKUP(CONCATENATE(LEFT(E$7, 7), "hb", "NHS ", $B18), [0]!data_range, 5, FALSE) -> #REF! | F18: =VLOOKUP(CONCATENATE(LEFT(F$7, 7), "hb", "NHS ", $B18), [0]!data_range, 5, FALSE) -> #REF! | G18: =VLOOKUP(CONCATENATE(LEFT(G$7, 7), "hb", "NHS ", $B18), [0]!data_range, 5, FALSE) -> #REF! | H18: =VLOOKUP(CONCATENATE(LEFT(H$7, 7), "hb", "NHS ", $B18), [0]!data_range, 5, FALSE) -> #REF! | I18: =VLOOKUP(CONCATENATE(LEFT(I$7, 7), "hb", "NHS ", $B18), [0]!data_range, 5, FALSE) -> #REF! | J18: =VLOOKUP(CONCATENATE(LEFT(J$7, 7), "hb", "NHS ", $B18), [0]!data_range, 5, FALSE) -> #REF! | ... L18: =VLOOKUP(CONCATENATE(LEFT(L$7, 7), "hb", "NHS ", $B18), [0]!data_range, 5, FALSE) -> #REF!
B19: Shetland | C19: =VLOOKUP(CONCATENATE(LEFT(C$7, 7), "hb", "NHS ", $B19), [0]!data_range, 5, FALSE) -> #REF! | D19: =VLOOKUP(CONCATENATE(LEFT(D$7, 7), "hb", "NHS ", $B19), [0]!data_range, 5, FALSE) -> #REF! | E19: =VLOOKUP(CONCATENATE(LEFT(E$7, 7), "hb", "NHS ", $B19), [0]!data_range, 5, FALSE) -> #REF! | F19: =VLOOKUP(CONCATENATE(LEFT(F$7, 7), "hb", "NHS ", $B19), [0]!data_range, 5, FALSE) -> #REF! | G19: =VLOOKUP(CONCATENATE(LEFT(G$7, 7), "hb", "NHS ", $B19), [0]!data_range, 5, FALSE) -> #REF! | H19: =VLOOKUP(CONCATENATE(LEFT(H$7, 7), "hb", "NHS ", $B19), [0]!data_range, 5, FALSE) -> #REF! | I19: =VLOOKUP(CONCATENATE(LEFT(I$7, 7), "hb", "NHS ", $B19), [0]!data_range, 5, FALSE) -> #REF! | J19: =VLOOKUP(CONCATENATE(LEFT(J$7, 7), "hb", "NHS ", $B19), [0]!data_range, 5, FALSE) -> #REF! | ... L19: =VLOOKUP(CONCATENATE(LEFT(L$7, 7), "hb", "NHS ", $B19), [0]!data_range, 5, FALSE) -> #REF!
... B21: Western Isles | C21: =VLOOKUP(CONCATENATE(LEFT(C$7, 7), "hb", "NHS ", $B21), [0]!data_range, 5, FALSE) -> #REF! | D21: =VLOOKUP(CONCATENATE(LEFT(D$7, 7), "hb", "NHS ", $B21), [0]!data_range, 5, FALSE) -> #REF! | E21: =VLOOKUP(CONCATENATE(LEFT(E$7, 7), "hb", "NHS ", $B21), [0]!data_range, 5, FALSE) -> #REF! | F21: =VLOOKUP(CONCATENATE(LEFT(F$7, 7), "hb", "NHS ", $B21), [0]!data_range, 5, FALSE) -> #REF! | G21: =VLOOKUP(CONCATENATE(LEFT(G$7, 7), "hb", "NHS ", $B21), [0]!data_range, 5, FALSE) -> #REF! | H21: =VLOOKUP(CONCATENATE(LEFT(H$7, 7), "hb", "NHS ", $B21), [0]!data_range, 5, FALSE) -> #REF! | I21: =VLOOKUP(CONCATENATE(LEFT(I$7, 7), "hb", "NHS ", $B21), [0]!data_range, 5, FALSE) -> #REF! | J21: =VLOOKUP(CONCATENATE(LEFT(J$7, 7), "hb", "NHS ", $B21), [0]!data_range, 5, FALSE) -> #REF! | ... L21: =VLOOKUP(CONCATENATE(LEFT(L$7, 7), "hb", "NHS ", $B21), [0]!data_range, 5, FALSE) -> #REF!
B22: Scotland | C22: =VLOOKUP(CONCATENATE(LEFT(C$7, 7), "Scotland", $B22), [0]!data_range, 5, FALSE) -> #REF! | D22: =VLOOKUP(CONCATENATE(LEFT(D$7, 7), "Scotland", $B22), [0]!data_range, 5, FALSE) -> #REF! | E22: =VLOOKUP(CONCATENATE(LEFT(E$7, 7), "Scotland", $B22), [0]!data_range, 5, FALSE) -> #REF! | F22: =VLOOKUP(CONCATENATE(LEFT(F$7, 7), "Scotland", $B22), [0]!data_range, 5, FALSE) -> #REF! | G22: =VLOOKUP(CONCATENATE(LEFT(G$7, 7), "Scotland", $B22), [0]!data_range, 5, FALSE) -> #REF! | H22: =VLOOKUP(CONCATENATE(LEFT(H$7, 7), "Scotland", $B22), [0]!data_range, 5, FALSE) -> #REF! | I22: =VLOOKUP(CONCATENATE(LEFT(I$7, 7), "Scotland", $B22), [0]!data_range, 5, FALSE) -> #REF! | J22: =VLOOKUP(CONCATENATE(LEFT(J$7, 7), "Scotland", $B22), [0]!data_range, 5, FALSE) -> #REF! | ... L22: =VLOOKUP(CONCATENATE(LEFT(L$7, 7), "Scotland", $B22), [0]!data_range, 5, FALSE) -> #REF!
B24: External causes of death excluded from analysis
B26: Source: SMR01 (including GLS), SMR04 and NRS Death Records
B27: Health and Social Care Team, PHS
B28: ="p. " & calculation!$E$14 -> #REF!
B29: ="1. " & calculation!E17 -> 1. Figures in 2020/21 and 2021/22 are likely to have been affected by the impact of COVID-19 on hospital stays.

Sheet Figure A1-1 - HB
B2: Figure A1.1: Percentage of last six months of life spent at home or in a community setting
B3: ="by NHS Board of Residence; " & M8 -> by NHS Board of Residence; Scotland
A5: 1
N7: =calculation!B$10 -> #REF! | O7: =calculation!C$10 -> #REF! | P7: =calculation!D$10 -> #REF! | Q7: =calculation!E$10 -> #REF! | R7: =calculation!F$10 -> #REF! | S7: =calculation!G$10 -> #REF! | T7: =calculation!H$10 -> #REF! | U7: =calculation!I$10 -> #REF! | ... W7: =calculation!K$10 -> #REF!
M8: =VLOOKUP($A$5, calculation!$A$12:$B$26, 2, 0) -> Scotland | N8: =IF($M$8 = "Scotland", VLOOKUP(CONCATENATE(LEFT(N$7, 7), "Scotland", $M$8), [0]!data_range, 5, FALSE), VLOOKUP(CONCATENATE(LEFT(N$7, 7), "hb", "NHS ", $M$8), [0]!data_range, 5, FALSE)) -> #REF! | O8: =IF($M$8 = "Scotland", VLOOKUP(CONCATENATE(LEFT(O$7, 7), "Scotland", $M$8), [0]!data_range, 5, FALSE), VLOOKUP(CONCATENATE(LEFT(O$7, 7), "hb", "NHS ", $M$8), [0]!data_range, 5, FALSE)) -> #REF! | P8: =IF($M$8 = "Scotland", VLOOKUP(CONCATENATE(LEFT(P$7, 7), "Scotland", $M$8), [0]!data_range, 5, FALSE), VLOOKUP(CONCATENATE(LEFT(P$7, 7), "hb", "NHS ", $M$8), [0]!data_range, 5, FALSE)) -> #REF! | Q8: =IF($M$8 = "Scotland", VLOOKUP(CONCATENATE(LEFT(Q$7, 7), "Scotland", $M$8), [0]!data_range, 5, FALSE), VLOOKUP(CONCATENATE(LEFT(Q$7, 7), "hb", "NHS ", $M$8), [0]!data_range, 5, FALSE)) -> #REF! | R8: =IF($M$8 = "Scotland", VLOOKUP(CONCATENATE(LEFT(R$7, 7), "Scotland", $M$8), [0]!data_range, 5, FALSE), VLOOKUP(CONCATENATE(LEFT(R$7, 7), "hb", "NHS ", $M$8), [0]!data_range, 5, FALSE)) -> #REF! | S8: =IF($M$8 = "Scotland", VLOOKUP(CONCATENATE(LEFT(S$7, 7), "Scotland", $M$8), [0]!data_range, 5, FALSE), VLOOKUP(CONCATENATE(LEFT(S$7, 7), "hb", "NHS ", $M$8), [0]!data_range, 5, FALSE)) -> #REF! | T8: =IF($M$8 = "Scotland", VLOOKUP(CONCATENATE(LEFT(T$7, 7), "Scotland", $M$8), [0]!data_range, 5, FALSE), VLOOKUP(CONCATENATE(LEFT(T$7, 7), "hb", "NHS ", $M$8), [0]!data_range, 5, FALSE)) -> #REF! | U8: =IF($M$8 = "Scotland", VLOOKUP(CONCATENATE(LEFT(U$7, 7), "Scotland", $M$8), [0]!data_range, 5, FALSE), VLOOKUP(CONCATENATE(LEFT(U$7, 7), "hb", "NHS ", $M$8), [0]!data_range, 5, FALSE)) -> #REF! | ... W8: =IF($M$8 = "Scotland", VLOOKUP(CONCATENATE(LEFT(W$7, 7), "Scotland", $M$8), [0]!data_range, 5, FALSE), VLOOKUP(CONCATENATE(LEFT(W$7, 7), "hb", "NHS ", $M$8), [0]!data_range, 5, FALSE)) -> #REF!
B31: Please note that the y-axis does not start at zero.
B33: External causes of death excluded from analysis
B35: Source: SMR01 (including GLS), SMR04 and NRS Death Records
B36: Health and Social Care Team, PHS
B37: ="p. " & calculation!$E$14 -> #REF!
B38: ="1. " & calculation!E17 -> 1. Figures in 2020/21 and 2021/22 are likely to have been affected by the impact of COVID-19 on hospital stays.

Sheet Table 2 - HSCP
B1: =Notes!B1:O1
B2: Table 2: Percentage of last six months of life spent at home or in a community setting
B3: by Health and Social Care Partnership
L5: Financial Year Ending 31st March
B7: Health and Social Care Partnership | C7: =calculation!B$10 -> #REF! | D7: =calculation!C$10 -> #REF! | E7: =calculation!D$10 -> #REF! | F7: =calculation!E$10 -> #REF! | G7: =calculation!F$10 -> #REF! | H7: =calculation!G$10 -> #REF! | I7: =calculation!H$10 -> #REF! | J7: =calculation!I$10 -> #REF! | ... L7: =calculation!K$10 -> #REF!
B8: Aberdeen City | C8: =VLOOKUP(CONCATENATE(LEFT(C$7, 7), "hscp", $B8), [0]!data_range, 5, FALSE) -> #REF! | D8: =VLOOKUP(CONCATENATE(LEFT(D$7, 7), "hscp", $B8), [0]!data_range, 5, FALSE) -> #REF! | E8: =VLOOKUP(CONCATENATE(LEFT(E$7, 7), "hscp", $B8), [0]!data_range, 5, FALSE) -> #REF! | F8: =VLOOKUP(CONCATENATE(LEFT(F$7, 7), "hscp", $B8), [0]!data_range, 5, FALSE) -> #REF! | G8: =VLOOKUP(CONCATENATE(LEFT(G$7, 7), "hscp", $B8), [0]!data_range, 5, FALSE) -> #REF! | H8: =VLOOKUP(CONCATENATE(LEFT(H$7, 7), "hscp", $B8), [0]!data_range, 5, FALSE) -> #REF! | I8: =VLOOKUP(CONCATENATE(LEFT(I$7, 7), "hscp", $B8), [0]!data_range, 5, FALSE) -> #REF! | J8: =VLOOKUP(CONCATENATE(LEFT(J$7, 7), "hscp", $B8), [0]!data_range, 5, FALSE) -> #REF! | ... L8: =VLOOKUP(CONCATENATE(LEFT(L$7, 7), "hscp", $B8), [0]!data_range, 5, FALSE) -> #REF! | AA8: =R8=H8 -> #REF! | AB8: =S8=J8 -> #REF! | AC8: =T8=K8 -> #REF!
B9: Aberdeenshire | C9: =VLOOKUP(CONCATENATE(LEFT(C$7, 7), "hscp", $B9), [0]!data_range, 5, FALSE) -> #REF! | D9: =VLOOKUP(CONCATENATE(LEFT(D$7, 7), "hscp", $B9), [0]!data_range, 5, FALSE) -> #REF! | E9: =VLOOKUP(CONCATENATE(LEFT(E$7, 7), "hscp", $B9), [0]!data_range, 5, FALSE) -> #REF! | F9: =VLOOKUP(CONCATENATE(LEFT(F$7, 7), "hscp", $B9), [0]!data_range, 5, FALSE) -> #REF! | G9: =VLOOKUP(CONCATENATE(LEFT(G$7, 7), "hscp", $B9), [0]!data_range, 5, FALSE) -> #REF! | H9: =VLOOKUP(CONCATENATE(LEFT(H$7, 7), "hscp", $B9), [0]!data_range, 5, FALSE) -> #REF! | I9: =VLOOKUP(CONCATENATE(LEFT(I$7, 7), "hscp", $B9), [0]!data_range, 5, FALSE) -> #REF! | J9: =VLOOKUP(CONCATENATE(LEFT(J$7, 7), "hscp", $B9), [0]!data_range, 5, FALSE) -> #REF! | ... L9: =VLOOKUP(CONCATENATE(LEFT(L$7, 7), "hscp", $B9), [0]!data_range, 5, FALSE) -> #REF! | AA9: =R9=H9 -> #REF! | AB9: =S9=J9 -> #REF! | AC9: =T9=K9 -> #REF!
B10: Angus | C10: =VLOOKUP(CONCATENATE(LEFT(C$7, 7), "hscp", $B10), [0]!data_range, 5, FALSE) -> #REF! | D10: =VLOOKUP(CONCATENATE(LEFT(D$7, 7), "hscp", $B10), [0]!data_range, 5, FALSE) -> #REF! | E10: =VLOOKUP(CONCATENATE(LEFT(E$7, 7), "hscp", $B10), [0]!data_range, 5, FALSE) -> #REF! | F10: =VLOOKUP(CONCATENATE(LEFT(F$7, 7), "hscp", $B10), [0]!data_range, 5, FALSE) -> #REF! | G10: =VLOOKUP(CONCATENATE(LEFT(G$7, 7), "hscp", $B10), [0]!data_range, 5, FALSE) -> #REF! | H10: =VLOOKUP(CONCATENATE(LEFT(H$7, 7), "hscp", $B10), [0]!data_range, 5, FALSE) -> #REF! | I10: =VLOOKUP(CONCATENATE(LEFT(I$7, 7), "hscp", $B10), [0]!data_range, 5, FALSE) -> #REF! | J10: =VLOOKUP(CONCATENATE(LEFT(J$7, 7), "hscp", $B10), [0]!data_range, 5, FALSE) -> #REF! | ... L10: =VLOOKUP(CONCATENATE(LEFT(L$7, 7), "hscp", $B10), [0]!data_range, 5, FALSE) -> #REF! | AA10: =R10=H10 -> #REF! | AB10: =S10=J10 -> #REF! | AC10: =T10=K10 -> #REF!
B11: Argyll and Bute | C11: =VLOOKUP(CONCATENATE(LEFT(C$7, 7), "hscp", $B11), [0]!data_range, 5, FALSE) -> #REF! | D11: =VLOOKUP(CONCATENATE(LEFT(D$7, 7), "hscp", $B11), [0]!data_range, 5, FALSE) -> #REF! | E11: =VLOOKUP(CONCATENATE(LEFT(E$7, 7), "hscp", $B11), [0]!data_range, 5, FALSE) -> #REF! | F11: =VLOOKUP(CONCATENATE(LEFT(F$7, 7), "hscp", $B11), [0]!data_range, 5, FALSE) -> #REF! | G11: =VLOOKUP(CONCATENATE(LEFT(G$7, 7), "hscp", $B11), [0]!data_range, 5, FALSE) -> #REF! | H11: =VLOOKUP(CONCATENATE(LEFT(H$7, 7), "hscp", $B11), [0]!data_range, 5, FALSE) -> #REF! | I11: =VLOOKUP(CONCATENATE(LEFT(I$7, 7), "hscp", $B11), [0]!data_range, 5, FALSE) -> #REF! | J11: =VLOOKUP(CONCATENATE(LEFT(J$7, 7), "hscp", $B11), [0]!data_range, 5, FALSE) -> #REF! | ... L11: =VLOOKUP(CONCATENATE(LEFT(L$7, 7), "hscp", $B11), [0]!data_range, 5, FALSE) -> #REF! | AA11: =R11=H11 -> #REF! | AB11: =S11=J11 -> #REF! | AC11: =T11=K11 -> #REF!
B12: Clackmannanshire and Stirling | C12: =VLOOKUP(CONCATENATE(LEFT(C$7, 7), "hscp", $B12), [0]!data_range, 5, FALSE) -> #REF! | D12: =VLOOKUP(CONCATENATE(LEFT(D$7, 7), "hscp", $B12), [0]!data_range, 5, FALSE) -> #REF! | E12: =VLOOKUP(CONCATENATE(LEFT(E$7, 7), "hscp", $B12), [0]!data_range, 5, FALSE) -> #REF! | F12: =VLOOKUP(CONCATENATE(LEFT(F$7, 7), "hscp", $B12), [0]!data_range, 5, FALSE) -> #REF! | G12: =VLOOKUP(CONCATENATE(LEFT(G$7, 7), "hscp", $B12), [0]!data_range, 5, FALSE) -> #REF! | H12: =VLOOKUP(CONCATENATE(LEFT(H$7, 7), "hscp", $B12), [0]!data_range, 5, FALSE) -> #REF! | I12: =VLOOKUP(CONCATENATE(LEFT(I$7, 7), "hscp", $B12), [0]!data_range, 5, FALSE) -> #REF! | J12: =VLOOKUP(CONCATENATE(LEFT(J$7, 7), "hscp", $B12), [0]!data_range, 5, FALSE) -> #REF! | ... L12: =VLOOKUP(CONCATENATE(LEFT(L$7, 7), "hscp", $B12), [0]!data_range, 5, FALSE) -> #REF! | AA12: =R12=H12 -> #REF! | AB12: =S12=J12 -> #REF! | AC12: =T12=K12 -> #REF!
B13: Dumfries and Galloway | C13: =VLOOKUP(CONCATENATE(LEFT(C$7, 7), "hscp", $B13), [0]!data_range, 5, FALSE) -> #REF! | D13: =VLOOKUP(CONCATENATE(LEFT(D$7, 7), "hscp", $B13), [0]!data_range, 5, FALSE) -> #REF! | E13: =VLOOKUP(CONCATENATE(LEFT(E$7, 7), "hscp", $B13), [0]!data_range, 5, FALSE) -> #REF! | F13: =VLOOKUP(CONCATENATE(LEFT(F$7, 7), "hscp", $B13), [0]!data_range, 5, FALSE) -> #REF! | G13: =VLOOKUP(CONCATENATE(LEFT(G$7, 7), "hscp", $B13), [0]!data_range, 5, FALSE) -> #REF! | H13: =VLOOKUP(CONCATENATE(LEFT(H$7, 7), "hscp", $B13), [0]!data_range, 5, FALSE) -> #REF! | I13: =VLOOKUP(CONCATENATE(LEFT(I$7, 7), "hscp", $B13), [0]!data_range, 5, FALSE) -> #REF! | J13: =VLOOKUP(CONCATENATE(LEFT(J$7, 7), "hscp", $B13), [0]!data_range, 5, FALSE) -> #REF! | ... L13: =VLOOKUP(CONCATENATE(LEFT(L$7, 7), "hscp", $B13), [0]!data_range, 5, FALSE) -> #REF! | AA13: =R13=H13 -> #REF! | AB13: =S13=J13 -> #REF! | AC13: =T13=K13 -> #REF!
B14: Dundee City | C14: =VLOOKUP(CONCATENATE(LEFT(C$7, 7), "hscp", $B14), [0]!data_range, 5, FALSE) -> #REF! | D14: =VLOOKUP(CONCATENATE(LEFT(D$7, 7), "hscp", $B14), [0]!data_range, 5, FALSE) -> #REF! | E14: =VLOOKUP(CONCATENATE(LEFT(E$7, 7), "hscp", $B14), [0]!data_range, 5, FALSE) -> #REF! | F14: =VLOOKUP(CONCATENATE(LEFT(F$7, 7), "hscp", $B14), [0]!data_range, 5, FALSE) -> #REF! | G14: =VLOOKUP(CONCATENATE(LEFT(G$7, 7), "hscp", $B14), [0]!data_range, 5, FALSE) -> #REF! | H14: =VLOOKUP(CONCATENATE(LEFT(H$7, 7), "hscp", $B14), [0]!data_range, 5, FALSE) -> #REF! | I14: =VLOOKUP(CONCATENATE(LEFT(I$7, 7), "hscp", $B14), [0]!data_range, 5, FALSE) -> #REF! | J14: =VLOOKUP(CONCATENATE(LEFT(J$7, 7), "hscp", $B14), [0]!data_range, 5, FALSE) -> #REF! | ... L14: =VLOOKUP(CONCATENATE(LEFT(L$7, 7), "hscp", $B14), [0]!data_range, 5, FALSE) -> #REF! | AA14: =R14=H14 -> #REF! | AB14: =S14=J14 -> #REF! | AC14: =T14=K14 -> #REF!
B15: East Ayrshire | C15: =VLOOKUP(CONCATENATE(LEFT(C$7, 7), "hscp", $B15), [0]!data_range, 5, FALSE) -> #REF! | D15: =VLOOKUP(CONCATENATE(LEFT(D$7, 7), "hscp", $B15), [0]!data_range, 5, FALSE) -> #REF! | E15: =VLOOKUP(CONCATENATE(LEFT(E$7, 7), "hscp", $B15), [0]!data_range, 5, FALSE) -> #REF! | F15: =VLOOKUP(CONCATENATE(LEFT(F$7, 7), "hscp", $B15), [0]!data_range, 5, FALSE) -> #REF! | G15: =VLOOKUP(CONCATENATE(LEFT(G$7, 7), "hscp", $B15), [0]!data_range, 5, FALSE) -> #REF! | H15: =VLOOKUP(CONCATENATE(LEFT(H$7, 7), "hscp", $B15), [0]!data_range, 5, FALSE) -> #REF! | I15: =VLOOKUP(CONCATENATE(LEFT(I$7, 7), "hscp", $B15), [0]!data_range, 5, FALSE) -> #REF! | J15: =VLOOKUP(CONCATENATE(LEFT(J$7, 7), "hscp", $B15), [0]!data_range, 5, FALSE) -> #REF! | ... L15: =VLOOKUP(CONCATENATE(LEFT(L$7, 7), "hscp", $B15), [0]!data_range, 5, FALSE) -> #REF! | AA15: =R15=H15 -> #REF! | AB15: =S15=J15 -> #REF! | AC15: =T15=K15 -> #REF!
B16: East Dunbartonshire | C16: =VLOOKUP(CONCATENATE(LEFT(C$7, 7), "hscp", $B16), [0]!data_range, 5, FALSE) -> #REF! | D16: =VLOOKUP(CONCATENATE(LEFT(D$7, 7), "hscp", $B16), [0]!data_range, 5, FALSE) -> #REF! | E16: =VLOOKUP(CONCATENATE(LEFT(E$7, 7), "hscp", $B16), [0]!data_range, 5, FALSE) -> #REF! | F16: =VLOOKUP(CONCATENATE(LEFT(F$7, 7), "hscp", $B16), [0]!data_range, 5, FALSE) -> #REF! | G16: =VLOOKUP(CONCATENATE(LEFT(G$7, 7), "hscp", $B16), [0]!data_range, 5, FALSE) -> #REF! | H16: =VLOOKUP(CONCATENATE(LEFT(H$7, 7), "hscp", $B16), [0]!data_range, 5, FALSE) -> #REF! | I16: =VLOOKUP(CONCATENATE(LEFT(I$7, 7), "hscp", $B16), [0]!data_range, 5, FALSE) -> #REF! | J16: =VLOOKUP(CONCATENATE(LEFT(J$7, 7), "hscp", $B16), [0]!data_range, 5, FALSE) -> #REF! | ... L16: =VLOOKUP(CONCATENATE(LEFT(L$7, 7), "hscp", $B16), [0]!data_range, 5, FALSE) -> #REF! | AA16: =R16=H16 -> #REF! | AB16: =S16=J16 -> #REF! | AC16: =T16=K16 -> #REF!
B17: East Lothian | C17: =VLOOKUP(CONCATENATE(LEFT(C$7, 7), "hscp", $B17), [0]!data_range, 5, FALSE) -> #REF! | D17: =VLOOKUP(CONCATENATE(LEFT(D$7, 7), "hscp", $B17), [0]!data_range, 5, FALSE) -> #REF! | E17: =VLOOKUP(CONCATENATE(LEFT(E$7, 7), "hscp", $B17), [0]!data_range, 5, FALSE) -> #REF! | F17: =VLOOKUP(CONCATENATE(LEFT(F$7, 7), "hscp", $B17), [0]!data_range, 5, FALSE) -> #REF! | G17: =VLOOKUP(CONCATENATE(LEFT(G$7, 7), "hscp", $B17), [0]!data_range, 5, FALSE) -> #REF! | H17: =VLOOKUP(CONCATENATE(LEFT(H$7, 7), "hscp", $B17), [0]!data_range, 5, FALSE) -> #REF! | I17: =VLOOKUP(CONCATENATE(LEFT(I$7, 7), "hscp", $B17), [0]!data_range, 5, FALSE) -> #REF! | J17: =VLOOKUP(CONCATENATE(LEFT(J$7, 7), "hscp", $B17), [0]!data_range, 5, FALSE) -> #REF! | ... L17: =VLOOKUP(CONCATENATE(LEFT(L$7, 7), "hscp", $B17), [0]!data_range, 5, FALSE) -> #REF! | AA17: =R17=H17 -> #REF! | AB17: =S17=J17 -> #REF! | AC17: =T17=K17 -> #REF!
B18: East Renfrewshire | C18: =VLOOKUP(CONCATENATE(LEFT(C$7, 7), "hscp", $B18), [0]!data_range, 5, FALSE) -> #REF! | D18: =VLOOKUP(CONCATENATE(LEFT(D$7, 7), "hscp", $B18), [0]!data_range, 5, FALSE) -> #REF! | E18: =VLOOKUP(CONCATENATE(LEFT(E$7, 7), "hscp", $B18), [0]!data_range, 5, FALSE) -> #REF! | F18: =VLOOKUP(CONCATENATE(LEFT(F$7, 7), "hscp", $B18), [0]!data_range, 5, FALSE) -> #REF! | G18: =VLOOKUP(CONCATENATE(LEFT(G$7, 7), "hscp", $B18), [0]!data_range, 5, FALSE) -> #REF! | H18: =VLOOKUP(CONCATENATE(LEFT(H$7, 7), "hscp", $B18), [0]!data_range, 5, FALSE) -> #REF! | I18: =VLOOKUP(CONCATENATE(LEFT(I$7, 7), "hscp", $B18), [0]!data_range, 5, FALSE) -> #REF! | J18: =VLOOKUP(CONCATENATE(LEFT(J$7, 7), "hscp", $B18), [0]!data_range, 5, FALSE) -> #REF! | ... L18: =VLOOKUP(CONCATENATE(LEFT(L$7, 7), "hscp", $B18), [0]!data_range, 5, FALSE) -> #REF! | AA18: =R18=H18 -> #REF! | AB18: =S18=J18 -> #REF! | AC18: =T18=K18 -> #REF!
B19: Edinburgh | C19: =VLOOKUP(CONCATENATE(LEFT(C$7, 7), "hscp", $B19), [0]!data_range, 5, FALSE) -> #REF! | D19: =VLOOKUP(CONCATENATE(LEFT(D$7, 7), "hscp", $B19), [0]!data_range, 5, FALSE) -> #REF! | E19: =VLOOKUP(CONCATENATE(LEFT(E$7, 7), "hscp", $B19), [0]!data_range, 5, FALSE) -> #REF! | F19: =VLOOKUP(CONCATENATE(LEFT(F$7, 7), "hscp", $B19), [0]!data_range, 5, FALSE) -> #REF! | G19: =VLOOKUP(CONCATENATE(LEFT(G$7, 7), "hscp", $B19), [0]!data_range, 5, FALSE) -> #REF! | H19: =VLOOKUP(CONCATENATE(LEFT(H$7, 7), "hscp", $B19), [0]!data_range, 5, FALSE) -> #REF! | I19: =VLOOKUP(CONCATENATE(LEFT(I$7, 7), "hscp", $B19), [0]!data_range, 5, FALSE) -> #REF! | J19: =VLOOKUP(CONCATENATE(LEFT(J$7, 7), "hscp", $B19), [0]!data_range, 5, FALSE) -> #REF! | ... L19: =VLOOKUP(CONCATENATE(LEFT(L$7, 7), "hscp", $B19), [0]!data_range, 5, FALSE) -> #REF! | AA19: =R19=H19 -> #REF! | AB19: =S19=J19 -> #REF! | AC19: =T19=K19 -> #REF!
... B38: Western Isles | C38: =VLOOKUP(CONCATENATE(LEFT(C$7, 7), "hscp", $B38), [0]!data_range, 5, FALSE) -> #REF! | D38: =VLOOKUP(CONCATENATE(LEFT(D$7, 7), "hscp", $B38), [0]!data_range, 5, FALSE) -> #REF! | E38: =VLOOKUP(CONCATENATE(LEFT(E$7, 7), "hscp", $B38), [0]!data_range, 5, FALSE) -> #REF! | F38: =VLOOKUP(CONCATENATE(LEFT(F$7, 7), "hscp", $B38), [0]!data_range, 5, FALSE) -> #REF! | G38: =VLOOKUP(CONCATENATE(LEFT(G$7, 7), "hscp", $B38), [0]!data_range, 5, FALSE) -> #REF! | H38: =VLOOKUP(CONCATENATE(LEFT(H$7, 7), "hscp", $B38), [0]!data_range, 5, FALSE) -> #REF! | I38: =VLOOKUP(CONCATENATE(LEFT(I$7, 7), "hscp", $B38), [0]!data_range, 5, FALSE) -> #REF! | J38: =VLOOKUP(CONCATENATE(LEFT(J$7, 7), "hscp", $B38), [0]!data_range, 5, FALSE) -> #REF! | ... L38: =VLOOKUP(CONCATENATE(LEFT(L$7, 7), "hscp", $B38), [0]!data_range, 5, FALSE) -> #REF! | AA38: =R38=H38 -> #REF! | AB38: =S38=J38 -> #REF! | AC38: =T38=K38 -> #REF!
B39: Scotland | C39: =VLOOKUP(CONCATENATE(LEFT(C$7, 7), "Scotland", $B39), [0]!data_range, 5, FALSE) -> #REF! | D39: =VLOOKUP(CONCATENATE(LEFT(D$7, 7), "Scotland", $B39), [0]!data_range, 5, FALSE) -> #REF! | E39: =VLOOKUP(CONCATENATE(LEFT(E$7, 7), "Scotland", $B39), [0]!data_range, 5, FALSE) -> #REF! | F39: =VLOOKUP(CONCATENATE(LEFT(F$7, 7), "Scotland", $B39), [0]!data_range, 5, FALSE) -> #REF! | G39: =VLOOKUP(CONCATENATE(LEFT(G$7, 7), "Scotland", $B39), [0]!data_range, 5, FALSE) -> #REF! | H39: =VLOOKUP(CONCATENATE(LEFT(H$7, 7), "Scotland", $B39), [0]!data_range, 5, FALSE) -> #REF! | I39: =VLOOKUP(CONCATENATE(LEFT(I$7, 7), "Scotland", $B39), [0]!data_range, 5, FALSE) -> #REF! | J39: =VLOOKUP(CONCATENATE(LEFT(J$7, 7), "Scotland", $B39), [0]!data_range, 5, FALSE) -> #REF! | ... L39: =VLOOKUP(CONCATENATE(LEFT(L$7, 7), "Scotland", $B39), [0]!data_range, 5, FALSE) -> #REF! | AA39: =R39=H39 -> #REF! | AB39: =S39=J39 -> #REF! | AC39: =T39=K39 -> #REF!
B42: External causes of death excluded from analysis
B44: Source: SMR01 (including GLS), SMR04 and NRS Death Records
B45: Health and Social Care Team, PHS
B46: ="p. " & calculation!$E$14 -> #REF!
B47: ="1. " & calculation!E17 -> 1. Figures in 2020/21 and 2021/22 are likely to have been affected by the impact of COVID-19 on hospital stays.

Sheet Figure A1-2 - HSCP
B2: Figure A1.2: Percentage of last six months of life spent at home or in a community setting
B3: ="by Health and Social Care Partnership; " & M8 -> by Health and Social Care Partnership; Scotland
A5: 1
N7: =calculation!B$10 -> #REF! | O7: =calculation!C$10 -> #REF! | P7: =calculation!D$10 -> #REF! | Q7: =calculation!E$10 -> #REF! | R7: =calculation!F$10 -> #REF! | S7: =calculation!G$10 -> #REF! | T7: =calculation!H$10 -> #REF! | U7: =calculation!I$10 -> #REF! | ... W7: =calculation!K$10 -> #REF!
M8: =VLOOKUP($A$5, calculation!$A$28:$B$59, 2, 0) -> Scotland | N8: =IF($M$8 = "Scotland", VLOOKUP(CONCATENATE(LEFT(N$7, 7), "Scotland", $M$8), [0]!data_range, 5, FALSE), VLOOKUP(CONCATENATE(LEFT(N$7, 7), "hscp", $M$8), [0]!data_range, 5, FALSE)) -> #REF! | O8: =IF($M$8 = "Scotland", VLOOKUP(CONCATENATE(LEFT(O$7, 7), "Scotland", $M$8), [0]!data_range, 5, FALSE), VLOOKUP(CONCATENATE(LEFT(O$7, 7), "hscp", $M$8), [0]!data_range, 5, FALSE)) -> #REF! | P8: =IF($M$8 = "Scotland", VLOOKUP(CONCATENATE(LEFT(P$7, 7), "Scotland", $M$8), [0]!data_range, 5, FALSE), VLOOKUP(CONCATENATE(LEFT(P$7, 7), "hscp", $M$8), [0]!data_range, 5, FALSE)) -> #REF! | Q8: =IF($M$8 = "Scotland", VLOOKUP(CONCATENATE(LEFT(Q$7, 7), "Scotland", $M$8), [0]!data_range, 5, FALSE), VLOOKUP(CONCATENATE(LEFT(Q$7, 7), "hscp", $M$8), [0]!data_range, 5, FALSE)) -> #REF! | R8: =IF($M$8 = "Scotland", VLOOKUP(CONCATENATE(LEFT(R$7, 7), "Scotland", $M$8), [0]!data_range, 5, FALSE), VLOOKUP(CONCATENATE(LEFT(R$7, 7), "hscp", $M$8), [0]!data_range, 5, FALSE)) -> #REF! | S8: =IF($M$8 = "Scotland", VLOOKUP(CONCATENATE(LEFT(S$7, 7), "Scotland", $M$8), [0]!data_range, 5, FALSE), VLOOKUP(CONCATENATE(LEFT(S$7, 7), "hscp", $M$8), [0]!data_range, 5, FALSE)) -> #REF! | T8: =IF($M$8 = "Scotland", VLOOKUP(CONCATENATE(LEFT(T$7, 7), "Scotland", $M$8), [0]!data_range, 5, FALSE), VLOOKUP(CONCATENATE(LEFT(T$7, 7), "hscp", $M$8), [0]!data_range, 5, FALSE)) -> #REF! | U8: =IF($M$8 = "Scotland", VLOOKUP(CONCATENATE(LEFT(U$7, 7), "Scotland", $M$8), [0]!data_range, 5, FALSE), VLOOKUP(CONCATENATE(LEFT(U$7, 7), "hscp", $M$8), [0]!data_range, 5, FALSE)) -> #REF! | ... W8: =IF($M$8 = "Scotland", VLOOKUP(CONCATENATE(LEFT(W$7, 7), "Scotland", $M$8), [0]!data_range, 5, FALSE), VLOOKUP(CONCATENATE(LEFT(W$7, 7), "hscp", $M$8), [0]!data_range, 5, FALSE)) -> #REF!
B31: Please note that the y-axis does not start at zero.
B33: External causes of death excluded from analysis
B35: Source: SMR01 (including GLS), SMR04 and NRS Death Records
B36: Health and Social Care Team, PHS
B37: ="p. " & calculation!$E$14 -> #REF!
B38: ="1. " & calculation!E17 -> 1. Figures in 2020/21 and 2021/22 are likely to have been affected by the impact of COVID-19 on hospital stays.

Sheet Table 3 - Age Sex
B1: =Notes!B1:O1
B2: Table 3: Percentage of last six months of life spent at home or in a community setting
B3: by Age and Sex
M5: Financial Year Ending 31st March
B7: Age Group | C7: Sex | D7: =calculation!B$10 -> #REF! | E7: =calculation!C$10 -> #REF! | F7: =calculation!D$10 -> #REF! | G7: =calculation!E$10 -> #REF! | H7: =calculation!F$10 -> #REF! | I7: =calculation!G$10 -> #REF! | J7: =calculation!H$10 -> #REF! | K7: =calculation!I$10 -> #REF! | ... M7: =calculation!K$10 -> #REF!
B8: 0-17 | C8: Female | D8: =VLOOKUP(CONCATENATE(LEFT(D$7, 7), "age/sex", $B$8, " ", $C8), [0]!data_range, 5, FALSE) -> #REF! | E8: =VLOOKUP(CONCATENATE(LEFT(E$7, 7), "age/sex", $B$8, " ", $C8), [0]!data_range, 5, FALSE) -> #REF! | F8: =VLOOKUP(CONCATENATE(LEFT(F$7, 7), "age/sex", $B$8, " ", $C8), [0]!data_range, 5, FALSE) -> #REF! | G8: =VLOOKUP(CONCATENATE(LEFT(G$7, 7), "age/sex", $B$8, " ", $C8), [0]!data_range, 5, FALSE) -> #REF! | H8: =VLOOKUP(CONCATENATE(LEFT(H$7, 7), "age/sex", $B$8, " ", $C8), [0]!data_range, 5, FALSE) -> #REF! | I8: =VLOOKUP(CONCATENATE(LEFT(I$7, 7), "age/sex", $B$8, " ", $C8), [0]!data_range, 5, FALSE) -> #REF! | J8: =VLOOKUP(CONCATENATE(LEFT(J$7, 7), "age/sex", $B$8, " ", $C8), [0]!data_range, 5, FALSE) -> #REF! | K8: =VLOOKUP(CONCATENATE(LEFT(K$7, 7), "age/sex", $B$8, " ", $C8), [0]!data_range, 5, FALSE) -> #REF! | ... M8: =VLOOKUP(CONCATENATE(LEFT(M$7, 7), "age/sex", $B$8, " ", $C8), [0]!data_range, 5, FALSE) -> #REF!
C9: Male | D9: =VLOOKUP(CONCATENATE(LEFT(D$7, 7), "age/sex", $B$8, " ", $C9), [0]!data_range, 5, FALSE) -> #REF! | E9: =VLOOKUP(CONCATENATE(LEFT(E$7, 7), "age/sex", $B$8, " ", $C9), [0]!data_range, 5, FALSE) -> #REF! | F9: =VLOOKUP(CONCATENATE(LEFT(F$7, 7), "age/sex", $B$8, " ", $C9), [0]!data_range, 5, FALSE) -> #REF! | G9: =VLOOKUP(CONCATENATE(LEFT(G$7, 7), "age/sex", $B$8, " ", $C9), [0]!data_range, 5, FALSE) -> #REF! | H9: =VLOOKUP(CONCATENATE(LEFT(H$7, 7), "age/sex", $B$8, " ", $C9), [0]!data_range, 5, FALSE) -> #REF! | I9: =VLOOKUP(CONCATENATE(LEFT(I$7, 7), "age/sex", $B$8, " ", $C9), [0]!data_range, 5, FALSE) -> #REF! | J9: =VLOOKUP(CONCATENATE(LEFT(J$7, 7), "age/sex", $B$8, " ", $C9), [0]!data_range, 5, FALSE) -> #REF! | K9: =VLOOKUP(CONCATENATE(LEFT(K$7, 7), "age/sex", $B$8, " ", $C9), [0]!data_range, 5, FALSE) -> #REF! | ... M9: =VLOOKUP(CONCATENATE(LEFT(M$7, 7), "age/sex", $B$8, " ", $C9), [0]!data_range, 5, FALSE) -> #REF!
C10: Both | D10: =VLOOKUP(CONCATENATE(LEFT(D$7, 7), "age/sex", $B$8, " ", $C10), [0]!data_range, 5, FALSE) -> #REF! | E10: =VLOOKUP(CONCATENATE(LEFT(E$7, 7), "age/sex", $B$8, " ", $C10), [0]!data_range, 5, FALSE) -> #REF! | F10: =VLOOKUP(CONCATENATE(LEFT(F$7, 7), "age/sex", $B$8, " ", $C10), [0]!data_range, 5, FALSE) -> #REF! | G10: =VLOOKUP(CONCATENATE(LEFT(G$7, 7), "age/sex", $B$8, " ", $C10), [0]!data_range, 5, FALSE) -> #REF! | H10: =VLOOKUP(CONCATENATE(LEFT(H$7, 7), "age/sex", $B$8, " ", $C10), [0]!data_range, 5, FALSE) -> #REF! | I10: =VLOOKUP(CONCATENATE(LEFT(I$7, 7), "age/sex", $B$8, " ", $C10), [0]!data_range, 5, FALSE) -> #REF! | J10: =VLOOKUP(CONCATENATE(LEFT(J$7, 7), "age/sex", $B$8, " ", $C10), [0]!data_range, 5, FALSE) -> #REF! | K10: =VLOOKUP(CONCATENATE(LEFT(K$7, 7), "age/sex", $B$8, " ", $C10), [0]!data_range, 5, FALSE) -> #REF! | ... M10: =VLOOKUP(CONCATENATE(LEFT(M$7, 7), "age/sex", $B$8, " ", $C10), [0]!data_range, 5, FALSE) -> #REF!
B11: 18-44 | C11: Female | D11: =VLOOKUP(CONCATENATE(LEFT(D$7, 7), "age/sex", $B$11, " ", $C11), [0]!data_range, 5, FALSE) -> #REF! | E11: =VLOOKUP(CONCATENATE(LEFT(E$7, 7), "age/sex", $B$11, " ", $C11), [0]!data_range, 5, FALSE) -> #REF! | F11: =VLOOKUP(CONCATENATE(LEFT(F$7, 7), "age/sex", $B$11, " ", $C11), [0]!data_range, 5, FALSE) -> #REF! | G11: =VLOOKUP(CONCATENATE(LEFT(G$7, 7), "age/sex", $B$11, " ", $C11), [0]!data_range, 5, FALSE) -> #REF! | H11: =VLOOKUP(CONCATENATE(LEFT(H$7, 7), "age/sex", $B$11, " ", $C11), [0]!data_range, 5, FALSE) -> #REF! | I11: =VLOOKUP(CONCATENATE(LEFT(I$7, 7), "age/sex", $B$11, " ", $C11), [0]!data_range, 5, FALSE) -> #REF! | J11: =VLOOKUP(CONCATENATE(LEFT(J$7, 7), "age/sex", $B$11, " ", $C11), [0]!data_range, 5, FALSE) -> #REF! | K11: =VLOOKUP(CONCATENATE(LEFT(K$7, 7), "age/sex", $B$11, " ", $C11), [0]!data_range, 5, FALSE) -> #REF! | ... M11: =VLOOKUP(CONCATENATE(LEFT(M$7, 7), "age/sex", $B$11, " ", $C11), [0]!data_range, 5, FALSE) -> #REF!
C12: Male | D12: =VLOOKUP(CONCATENATE(LEFT(D$7, 7), "age/sex", $B$11, " ", $C12), [0]!data_range, 5, FALSE) -> #REF! | E12: =VLOOKUP(CONCATENATE(LEFT(E$7, 7), "age/sex", $B$11, " ", $C12), [0]!data_range, 5, FALSE) -> #REF! | F12: =VLOOKUP(CONCATENATE(LEFT(F$7, 7), "age/sex", $B$11, " ", $C12), [0]!data_range, 5, FALSE) -> #REF! | G12: =VLOOKUP(CONCATENATE(LEFT(G$7, 7), "age/sex", $B$11, " ", $C12), [0]!data_range, 5, FALSE) -> #REF! | H12: =VLOOKUP(CONCATENATE(LEFT(H$7, 7), "age/sex", $B$11, " ", $C12), [0]!data_range, 5, FALSE) -> #REF! | I12: =VLOOKUP(CONCATENATE(LEFT(I$7, 7), "age/sex", $B$11, " ", $C12), [0]!data_range, 5, FALSE) -> #REF! | J12: =VLOOKUP(CONCATENATE(LEFT(J$7, 7), "age/sex", $B$11, " ", $C12), [0]!data_range, 5, FALSE) -> #REF! | K12: =VLOOKUP(CONCATENATE(LEFT(K$7, 7), "age/sex", $B$11, " ", $C12), [0]!data_range, 5, FALSE) -> #REF! | ... M12: =VLOOKUP(CONCATENATE(LEFT(M$7, 7), "age/sex", $B$11, " ", $C12), [0]!data_range, 5, FALSE) -> #REF!
C13: Both | D13: =VLOOKUP(CONCATENATE(LEFT(D$7, 7), "age/sex", $B$11, " ", $C13), [0]!data_range, 5, FALSE) -> #REF! | E13: =VLOOKUP(CONCATENATE(LEFT(E$7, 7), "age/sex", $B$11, " ", $C13), [0]!data_range, 5, FALSE) -> #REF! | F13: =VLOOKUP(CONCATENATE(LEFT(F$7, 7), "age/sex", $B$11, " ", $C13), [0]!data_range, 5, FALSE) -> #REF! | G13: =VLOOKUP(CONCATENATE(LEFT(G$7, 7), "age/sex", $B$11, " ", $C13), [0]!data_range, 5, FALSE) -> #REF! | H13: =VLOOKUP(CONCATENATE(LEFT(H$7, 7), "age/sex", $B$11, " ", $C13), [0]!data_range, 5, FALSE) -> #REF! | I13: =VLOOKUP(CONCATENATE(LEFT(I$7, 7), "age/sex", $B$11, " ", $C13), [0]!data_range, 5, FALSE) -> #REF! | J13: =VLOOKUP(CONCATENATE(LEFT(J$7, 7), "age/sex", $B$11, " ", $C13), [0]!data_range, 5, FALSE) -> #REF! | K13: =VLOOKUP(CONCATENATE(LEFT(K$7, 7), "age/sex", $B$11, " ", $C13), [0]!data_range, 5, FALSE) -> #REF! | ... M13: =VLOOKUP(CONCATENATE(LEFT(M$7, 7), "age/sex", $B$11, " ", $C13), [0]!data_range, 5, FALSE) -> #REF!
B14: 45-54 | C14: Female | D14: =VLOOKUP(CONCATENATE(LEFT(D$7, 7), "age/sex", $B$14, " ", $C14), [0]!data_range, 5, FALSE) -> #REF! | E14: =VLOOKUP(CONCATENATE(LEFT(E$7, 7), "age/sex", $B$14, " ", $C14), [0]!data_range, 5, FALSE) -> #REF! | F14: =VLOOKUP(CONCATENATE(LEFT(F$7, 7), "age/sex", $B$14, " ", $C14), [0]!data_range, 5, FALSE) -> #REF! | G14: =VLOOKUP(CONCATENATE(LEFT(G$7, 7), "age/sex", $B$14, " ", $C14), [0]!data_range, 5, FALSE) -> #REF! | H14: =VLOOKUP(CONCATENATE(LEFT(H$7, 7), "age/sex", $B$14, " ", $C14), [0]!data_range, 5, FALSE) -> #REF! | I14: =VLOOKUP(CONCATENATE(LEFT(I$7, 7), "age/sex", $B$14, " ", $C14), [0]!data_range, 5, FALSE) -> #REF! | J14: =VLOOKUP(CONCATENATE(LEFT(J$7, 7), "age/sex", $B$14, " ", $C14), [0]!data_range, 5, FALSE) -> #REF! | K14: =VLOOKUP(CONCATENATE(LEFT(K$7, 7), "age/sex", $B$14, " ", $C14), [0]!data_range, 5, FALSE) -> #REF! | ... M14: =VLOOKUP(CONCATENATE(LEFT(M$7, 7), "age/sex", $B$14, " ", $C14), [0]!data_range, 5, FALSE) -> #REF!
C15: Male | D15: =VLOOKUP(CONCATENATE(LEFT(D$7, 7), "age/sex", $B$14, " ", $C15), [0]!data_range, 5, FALSE) -> #REF! | E15: =VLOOKUP(CONCATENATE(LEFT(E$7, 7), "age/sex", $B$14, " ", $C15), [0]!data_range, 5, FALSE) -> #REF! | F15: =VLOOKUP(CONCATENATE(LEFT(F$7, 7), "age/sex", $B$14, " ", $C15), [0]!data_range, 5, FALSE) -> #REF! | G15: =VLOOKUP(CONCATENATE(LEFT(G$7, 7), "age/sex", $B$14, " ", $C15), [0]!data_range, 5, FALSE) -> #REF! | H15: =VLOOKUP(CONCATENATE(LEFT(H$7, 7), "age/sex", $B$14, " ", $C15), [0]!data_range, 5, FALSE) -> #REF! | I15: =VLOOKUP(CONCATENATE(LEFT(I$7, 7), "age/sex", $B$14, " ", $C15), [0]!data_range, 5, FALSE) -> #REF! | J15: =VLOOKUP(CONCATENATE(LEFT(J$7, 7), "age/sex", $B$14, " ", $C15), [0]!data_range, 5, FALSE) -> #REF! | K15: =VLOOKUP(CONCATENATE(LEFT(K$7, 7), "age/sex", $B$14, " ", $C15), [0]!data_range, 5, FALSE) -> #REF! | ... M15: =VLOOKUP(CONCATENATE(LEFT(M$7, 7), "age/sex", $B$14, " ", $C15), [0]!data_range, 5, FALSE) -> #REF!
C16: Both | D16: =VLOOKUP(CONCATENATE(LEFT(D$7, 7), "age/sex", $B$14, " ", $C16), [0]!data_range, 5, FALSE) -> #REF! | E16: =VLOOKUP(CONCATENATE(LEFT(E$7, 7), "age/sex", $B$14, " ", $C16), [0]!data_range, 5, FALSE) -> #REF! | F16: =VLOOKUP(CONCATENATE(LEFT(F$7, 7), "age/sex", $B$14, " ", $C16), [0]!data_range, 5, FALSE) -> #REF! | G16: =VLOOKUP(CONCATENATE(LEFT(G$7, 7), "age/sex", $B$14, " ", $C16), [0]!data_range, 5, FALSE) -> #REF! | H16: =VLOOKUP(CONCATENATE(LEFT(H$7, 7), "age/sex", $B$14, " ", $C16), [0]!data_range, 5, FALSE) -> #REF! | I16: =VLOOKUP(CONCATENATE(LEFT(I$7, 7), "age/sex", $B$14, " ", $C16), [0]!data_range, 5, FALSE) -> #REF! | J16: =VLOOKUP(CONCATENATE(LEFT(J$7, 7), "age/sex", $B$14, " ", $C16), [0]!data_range, 5, FALSE) -> #REF! | K16: =VLOOKUP(CONCATENATE(LEFT(K$7, 7), "age/sex", $B$14, " ", $C16), [0]!data_range, 5, FALSE) -> #REF! | ... M16: =VLOOKUP(CONCATENATE(LEFT(M$7, 7), "age/sex", $B$14, " ", $C16), [0]!data_range, 5, FALSE) -> #REF!
B17: 55-64 | C17: Female | D17: =VLOOKUP(CONCATENATE(LEFT(D$7, 7), "age/sex", $B$17, " ", $C17), [0]!data_range, 5, FALSE) -> #REF! | E17: =VLOOKUP(CONCATENATE(LEFT(E$7, 7), "age/sex", $B$17, " ", $C17), [0]!data_range, 5, FALSE) -> #REF! | F17: =VLOOKUP(CONCATENATE(LEFT(F$7, 7), "age/sex", $B$17, " ", $C17), [0]!data_range, 5, FALSE) -> #REF! | G17: =VLOOKUP(CONCATENATE(LEFT(G$7, 7), "age/sex", $B$17, " ", $C17), [0]!data_range, 5, FALSE) -> #REF! | H17: =VLOOKUP(CONCATENATE(LEFT(H$7, 7), "age/sex", $B$17, " ", $C17), [0]!data_range, 5, FALSE) -> #REF! | I17: =VLOOKUP(CONCATENATE(LEFT(I$7, 7), "age/sex", $B$17, " ", $C17), [0]!data_range, 5, FALSE) -> #REF! | J17: =VLOOKUP(CONCATENATE(LEFT(J$7, 7), "age/sex", $B$17, " ", $C17), [0]!data_range, 5, FALSE) -> #REF! | K17: =VLOOKUP(CONCATENATE(LEFT(K$7, 7), "age/sex", $B$17, " ", $C17), [0]!data_range, 5, FALSE) -> #REF! | ... M17: =VLOOKUP(CONCATENATE(LEFT(M$7, 7), "age/sex", $B$17, " ", $C17), [0]!data_range, 5, FALSE) -> #REF!
C18: Male | D18: =VLOOKUP(CONCATENATE(LEFT(D$7, 7), "age/sex", $B$17, " ", $C18), [0]!data_range, 5, FALSE) -> #REF! | E18: =VLOOKUP(CONCATENATE(LEFT(E$7, 7), "age/sex", $B$17, " ", $C18), [0]!data_range, 5, FALSE) -> #REF! | F18: =VLOOKUP(CONCATENATE(LEFT(F$7, 7), "age/sex", $B$17, " ", $C18), [0]!data_range, 5, FALSE) -> #REF! | G18: =VLOOKUP(CONCATENATE(LEFT(G$7, 7), "age/sex", $B$17, " ", $C18), [0]!data_range, 5, FALSE) -> #REF! | H18: =VLOOKUP(CONCATENATE(LEFT(H$7, 7), "age/sex", $B$17, " ", $C18), [0]!data_range, 5, FALSE) -> #REF! | I18: =VLOOKUP(CONCATENATE(LEFT(I$7, 7), "age/sex", $B$17, " ", $C18), [0]!data_range, 5, FALSE) -> #REF! | J18: =VLOOKUP(CONCATENATE(LEFT(J$7, 7), "age/sex", $B$17, " ", $C18), [0]!data_range, 5, FALSE) -> #REF! | K18: =VLOOKUP(CONCATENATE(LEFT(K$7, 7), "age/sex", $B$17, " ", $C18), [0]!data_range, 5, FALSE) -> #REF! | ... M18: =VLOOKUP(CONCATENATE(LEFT(M$7, 7), "age/sex", $B$17, " ", $C18), [0]!data_range, 5, FALSE) -> #REF!
C19: Both | D19: =VLOOKUP(CONCATENATE(LEFT(D$7, 7), "age/sex", $B$17, " ", $C19), [0]!data_range, 5, FALSE) -> #REF! | E19: =VLOOKUP(CONCATENATE(LEFT(E$7, 7), "age/sex", $B$17, " ", $C19), [0]!data_range, 5, FALSE) -> #REF! | F19: =VLOOKUP(CONCATENATE(LEFT(F$7, 7), "age/sex", $B$17, " ", $C19), [0]!data_range, 5, FALSE) -> #REF! | G19: =VLOOKUP(CONCATENATE(LEFT(G$7, 7), "age/sex", $B$17, " ", $C19), [0]!data_range, 5, FALSE) -> #REF! | H19: =VLOOKUP(CONCATENATE(LEFT(H$7, 7), "age/sex", $B$17, " ", $C19), [0]!data_range, 5, FALSE) -> #REF! | I19: =VLOOKUP(CONCATENATE(LEFT(I$7, 7), "age/sex", $B$17, " ", $C19), [0]!data_range, 5, FALSE) -> #REF! | J19: =VLOOKUP(CONCATENATE(LEFT(J$7, 7), "age/sex", $B$17, " ", $C19), [0]!data_range, 5, FALSE) -> #REF! | K19: =VLOOKUP(CONCATENATE(LEFT(K$7, 7), "age/sex", $B$17, " ", $C19), [0]!data_range, 5, FALSE) -> #REF! | ... M19: =VLOOKUP(CONCATENATE(LEFT(M$7, 7), "age/sex", $B$17, " ", $C19), [0]!data_range, 5, FALSE) -> #REF!
B20: 65-74 | C20: Female | D20: =VLOOKUP(CONCATENATE(LEFT(D$7, 7), "age/sex", $B$20, " ", $C20), [0]!data_range, 5, FALSE) -> #REF! | E20: =VLOOKUP(CONCATENATE(LEFT(E$7, 7), "age/sex", $B$20, " ", $C20), [0]!data_range, 5, FALSE) -> #REF! | F20: =VLOOKUP(CONCATENATE(LEFT(F$7, 7), "age/sex", $B$20, " ", $C20), [0]!data_range, 5, FALSE) -> #REF! | G20: =VLOOKUP(CONCATENATE(LEFT(G$7, 7), "age/sex", $B$20, " ", $C20), [0]!data_range, 5, FALSE) -> #REF! | H20: =VLOOKUP(CONCATENATE(LEFT(H$7, 7), "age/sex", $B$20, " ", $C20), [0]!data_range, 5, FALSE) -> #REF! | I20: =VLOOKUP(CONCATENATE(LEFT(I$7, 7), "age/sex", $B$20, " ", $C20), [0]!data_range, 5, FALSE) -> #REF! | J20: =VLOOKUP(CONCATENATE(LEFT(J$7, 7), "age/sex", $B$20, " ", $C20), [0]!data_range, 5, FALSE) -> #REF! | K20: =VLOOKUP(CONCATENATE(LEFT(K$7, 7), "age/sex", $B$20, " ", $C20), [0]!data_range, 5, FALSE) -> #REF! | ... M20: =VLOOKUP(CONCATENATE(LEFT(M$7, 7), "age/sex", $B$20, " ", $C20), [0]!data_range, 5, FALSE) -> #REF!
C21: Male | D21: =VLOOKUP(CONCATENATE(LEFT(D$7, 7), "age/sex", $B$20, " ", $C21), [0]!data_range, 5, FALSE) -> #REF! | E21: =VLOOKUP(CONCATENATE(LEFT(E$7, 7), "age/sex", $B$20, " ", $C21), [0]!data_range, 5, FALSE) -> #REF! | F21: =VLOOKUP(CONCATENATE(LEFT(F$7, 7), "age/sex", $B$20, " ", $C21), [0]!data_range, 5, FALSE) -> #REF! | G21: =VLOOKUP(CONCATENATE(LEFT(G$7, 7), "age/sex", $B$20, " ", $C21), [0]!data_range, 5, FALSE) -> #REF! | H21: =VLOOKUP(CONCATENATE(LEFT(H$7, 7), "age/sex", $B$20, " ", $C21), [0]!data_range, 5, FALSE) -> #REF! | I21: =VLOOKUP(CONCATENATE(LEFT(I$7, 7), "age/sex", $B$20, " ", $C21), [0]!data_range, 5, FALSE) -> #REF! | J21: =VLOOKUP(CONCATENATE(LEFT(J$7, 7), "age/sex", $B$20, " ", $C21), [0]!data_range, 5, FALSE) -> #REF! | K21: =VLOOKUP(CONCATENATE(LEFT(K$7, 7), "age/sex", $B$20, " ", $C21), [0]!data_range, 5, FALSE) -> #REF! | ... M21: =VLOOKUP(CONCATENATE(LEFT(M$7, 7), "age/sex", $B$20, " ", $C21), [0]!data_range, 5, FALSE) -> #REF!
C22: Both | D22: =VLOOKUP(CONCATENATE(LEFT(D$7, 7), "age/sex", $B$20, " ", $C22), [0]!data_range, 5, FALSE) -> #REF! | E22: =VLOOKUP(CONCATENATE(LEFT(E$7, 7), "age/sex", $B$20, " ", $C22), [0]!data_range, 5, FALSE) -> #REF! | F22: =VLOOKUP(CONCATENATE(LEFT(F$7, 7), "age/sex", $B$20, " ", $C22), [0]!data_range, 5, FALSE) -> #REF! | G22: =VLOOKUP(CONCATENATE(LEFT(G$7, 7), "age/sex", $B$20, " ", $C22), [0]!data_range, 5, FALSE) -> #REF! | H22: =VLOOKUP(CONCATENATE(LEFT(H$7, 7), "age/sex", $B$20, " ", $C22), [0]!data_range, 5, FALSE) -> #REF! | I22: =VLOOKUP(CONCATENATE(LEFT(I$7, 7), "age/sex", $B$20, " ", $C22), [0]!data_range, 5, FALSE) -> #REF! | J22: =VLOOKUP(CONCATENATE(LEFT(J$7, 7), "age/sex", $B$20, " ", $C22), [0]!data_range, 5, FALSE) -> #REF! | K22: =VLOOKUP(CONCATENATE(LEFT(K$7, 7), "age/sex", $B$20, " ", $C22), [0]!data_range, 5, FALSE) -> #REF! | ... M22: =VLOOKUP(CONCATENATE(LEFT(M$7, 7), "age/sex", $B$20, " ", $C22), [0]!data_range, 5, FALSE) -> #REF!
B23: 75-84 | C23: Female | D23: =VLOOKUP(CONCATENATE(LEFT(D$7, 7), "age/sex", $B$23, " ", $C23), [0]!data_range, 5, FALSE) -> #REF! | E23: =VLOOKUP(CONCATENATE(LEFT(E$7, 7), "age/sex", $B$23, " ", $C23), [0]!data_range, 5, FALSE) -> #REF! | F23: =VLOOKUP(CONCATENATE(LEFT(F$7, 7), "age/sex", $B$23, " ", $C23), [0]!data_range, 5, FALSE) -> #REF! | G23: =VLOOKUP(CONCATENATE(LEFT(G$7, 7), "age/sex", $B$23, " ", $C23), [0]!data_range, 5, FALSE) -> #REF! | H23: =VLOOKUP(CONCATENATE(LEFT(H$7, 7), "age/sex", $B$23, " ", $C23), [0]!data_range, 5, FALSE) -> #REF! | I23: =VLOOKUP(CONCATENATE(LEFT(I$7, 7), "age/sex", $B$23, " ", $C23), [0]!data_range, 5, FALSE) -> #REF! | J23: =VLOOKUP(CONCATENATE(LEFT(J$7, 7), "age/sex", $B$23, " ", $C23), [0]!data_range, 5, FALSE) -> #REF! | K23: =VLOOKUP(CONCATENATE(LEFT(K$7, 7), "age/sex", $B$23, " ", $C23), [0]!data_range, 5, FALSE) -> #REF! | ... M23: =VLOOKUP(CONCATENATE(LEFT(M$7, 7), "age/sex", $B$23, " ", $C23), [0]!data_range, 5, FALSE) -> #REF!
C24: Male | D24: =VLOOKUP(CONCATENATE(LEFT(D$7, 7), "age/sex", $B$23, " ", $C24), [0]!data_range, 5, FALSE) -> #REF! | E24: =VLOOKUP(CONCATENATE(LEFT(E$7, 7), "age/sex", $B$23, " ", $C24), [0]!data_range, 5, FALSE) -> #REF! | F24: =VLOOKUP(CONCATENATE(LEFT(F$7, 7), "age/sex", $B$23, " ", $C24), [0]!data_range, 5, FALSE) -> #REF! | G24: =VLOOKUP(CONCATENATE(LEFT(G$7, 7), "age/sex", $B$23, " ", $C24), [0]!data_range, 5, FALSE) -> #REF! | H24: =VLOOKUP(CONCATENATE(LEFT(H$7, 7), "age/sex", $B$23, " ", $C24), [0]!data_range, 5, FALSE) -> #REF! | I24: =VLOOKUP(CONCATENATE(LEFT(I$7, 7), "age/sex", $B$23, " ", $C24), [0]!data_range, 5, FALSE) -> #REF! | J24: =VLOOKUP(CONCATENATE(LEFT(J$7, 7), "age/sex", $B$23, " ", $C24), [0]!data_range, 5, FALSE) -> #REF! | K24: =VLOOKUP(CONCATENATE(LEFT(K$7, 7), "age/sex", $B$23, " ", $C24), [0]!data_range, 5, FALSE) -> #REF! | ... M24: =VLOOKUP(CONCATENATE(LEFT(M$7, 7), "age/sex", $B$23, " ", $C24), [0]!data_range, 5, FALSE) -> #REF!
C25: Both | D25: =VLOOKUP(CONCATENATE(LEFT(D$7, 7), "age/sex", $B$23, " ", $C25), [0]!data_range, 5, FALSE) -> #REF! | E25: =VLOOKUP(CONCATENATE(LEFT(E$7, 7), "age/sex", $B$23, " ", $C25), [0]!data_range, 5, FALSE) -> #REF! | F25: =VLOOKUP(CONCATENATE(LEFT(F$7, 7), "age/sex", $B$23, " ", $C25), [0]!data_range, 5, FALSE) -> #REF! | G25: =VLOOKUP(CONCATENATE(LEFT(G$7, 7), "age/sex", $B$23, " ", $C25), [0]!data_range, 5, FALSE) -> #REF! | H25: =VLOOKUP(CONCATENATE(LEFT(H$7, 7), "age/sex", $B$23, " ", $C25), [0]!data_range, 5, FALSE) -> #REF! | I25: =VLOOKUP(CONCATENATE(LEFT(I$7, 7), "age/sex", $B$23, " ", $C25), [0]!data_range, 5, FALSE) -> #REF! | J25: =VLOOKUP(CONCATENATE(LEFT(J$7, 7), "age/sex", $B$23, " ", $C25), [0]!data_range, 5, FALSE) -> #REF! | K25: =VLOOKUP(CONCATENATE(LEFT(K$7, 7), "age/sex", $B$23, " ", $C25), [0]!data_range, 5, FALSE) -> #REF! | ... M25: =VLOOKUP(CONCATENATE(LEFT(M$7, 7), "age/sex", $B$23, " ", $C25), [0]!data_range, 5, FALSE) -> #REF!
B26: 85+ | C26: Female | D26: =VLOOKUP(CONCATENATE(LEFT(D$7, 7), "age/sex", $B$26, " ", $C26), [0]!data_range, 5, FALSE) -> #REF! | E26: =VLOOKUP(CONCATENATE(LEFT(E$7, 7), "age/sex", $B$26, " ", $C26), [0]!data_range, 5, FALSE) -> #REF! | F26: =VLOOKUP(CONCATENATE(LEFT(F$7, 7), "age/sex", $B$26, " ", $C26), [0]!data_range, 5, FALSE) -> #REF! | G26: =VLOOKUP(CONCATENATE(LEFT(G$7, 7), "age/sex", $B$26, " ", $C26), [0]!data_range, 5, FALSE) -> #REF! | H26: =VLOOKUP(CONCATENATE(LEFT(H$7, 7), "age/sex", $B$26, " ", $C26), [0]!data_range, 5, FALSE) -> #REF! | I26: =VLOOKUP(CONCATENATE(LEFT(I$7, 7), "age/sex", $B$26, " ", $C26), [0]!data_range, 5, FALSE) -> #REF! | J26: =VLOOKUP(CONCATENATE(LEFT(J$7, 7), "age/sex", $B$26, " ", $C26), [0]!data_range, 5, FALSE) -> #REF! | K26: =VLOOKUP(CONCATENATE(LEFT(K$7, 7), "age/sex", $B$26, " ", $C26), [0]!data_range, 5, FALSE) -> #REF! | ... M26: =VLOOKUP(CONCATENATE(LEFT(M$7, 7), "age/sex", $B$26, " ", $C26), [0]!data_range, 5, FALSE) -> #REF!
C27: Male | D27: =VLOOKUP(CONCATENATE(LEFT(D$7, 7), "age/sex", $B$26, " ", $C27), [0]!data_range, 5, FALSE) -> #REF! | E27: =VLOOKUP(CONCATENATE(LEFT(E$7, 7), "age/sex", $B$26, " ", $C27), [0]!data_range, 5, FALSE) -> #REF! | F27: =VLOOKUP(CONCATENATE(LEFT(F$7, 7), "age/sex", $B$26, " ", $C27), [0]!data_range, 5, FALSE) -> #REF! | G27: =VLOOKUP(CONCATENATE(LEFT(G$7, 7), "age/sex", $B$26, " ", $C27), [0]!data_range, 5, FALSE) -> #REF! | H27: =VLOOKUP(CONCATENATE(LEFT(H$7, 7), "age/sex", $B$26, " ", $C27), [0]!data_range, 5, FALSE) -> #REF! | I27: =VLOOKUP(CONCATENATE(LEFT(I$7, 7), "age/sex", $B$26, " ", $C27), [0]!data_range, 5, FALSE) -> #REF! | J27: =VLOOKUP(CONCATENATE(LEFT(J$7, 7), "age/sex", $B$26, " ", $C27), [0]!data_range, 5, FALSE) -> #REF! | K27: =VLOOKUP(CONCATENATE(LEFT(K$7, 7), "age/sex", $B$26, " ", $C27), [0]!data_range, 5, FALSE) -> #REF! | ... M27: =VLOOKUP(CONCATENATE(LEFT(M$7, 7), "age/sex", $B$26, " ", $C27), [0]!data_range, 5, FALSE) -> #REF!
C28: Both | D28: =VLOOKUP(CONCATENATE(LEFT(D$7, 7), "age/sex", $B$26, " ", $C28), [0]!data_range, 5, FALSE) -> #REF! | E28: =VLOOKUP(CONCATENATE(LEFT(E$7, 7), "age/sex", $B$26, " ", $C28), [0]!data_range, 5, FALSE) -> #REF! | F28: =VLOOKUP(CONCATENATE(LEFT(F$7, 7), "age/sex", $B$26, " ", $C28), [0]!data_range, 5, FALSE) -> #REF! | G28: =VLOOKUP(CONCATENATE(LEFT(G$7, 7), "age/sex", $B$26, " ", $C28), [0]!data_range, 5, FALSE) -> #REF! | H28: =VLOOKUP(CONCATENATE(LEFT(H$7, 7), "age/sex", $B$26, " ", $C28), [0]!data_range, 5, FALSE) -> #REF! | I28: =VLOOKUP(CONCATENATE(LEFT(I$7, 7), "age/sex", $B$26, " ", $C28), [0]!data_range, 5, FALSE) -> #REF! | J28: =VLOOKUP(CONCATENATE(LEFT(J$7, 7), "age/sex", $B$26, " ", $C28), [0]!data_range, 5, FALSE) -> #REF! | K28: =VLOOKUP(CONCATENATE(LEFT(K$7, 7), "age/sex", $B$26, " ", $C28), [0]!data_range, 5, FALSE) -> #REF! | ... M28: =VLOOKUP(CONCATENATE(LEFT(M$7, 7), "age/sex", $B$26, " ", $C28), [0]!data_range, 5, FALSE) -> #REF!
B29: All Ages | C29: Female | D29: =VLOOKUP(CONCATENATE(LEFT(D$7, 7), "age/sex", $B$29, " ", $C29), [0]!data_range, 5, FALSE) -> #REF! | E29: =VLOOKUP(CONCATENATE(LEFT(E$7, 7), "age/sex", $B$29, " ", $C29), [0]!data_range, 5, FALSE) -> #REF! | F29: =VLOOKUP(CONCATENATE(LEFT(F$7, 7), "age/sex", $B$29, " ", $C29), [0]!data_range, 5, FALSE) -> #REF! | G29: =VLOOKUP(CONCATENATE(LEFT(G$7, 7), "age/sex", $B$29, " ", $C29), [0]!data_range, 5, FALSE) -> #REF! | H29: =VLOOKUP(CONCATENATE(LEFT(H$7, 7), "age/sex", $B$29, " ", $C29), [0]!data_range, 5, FALSE) -> #REF! | I29: =VLOOKUP(CONCATENATE(LEFT(I$7, 7), "age/sex", $B$29, " ", $C29), [0]!data_range, 5, FALSE) -> #REF! | J29: =VLOOKUP(CONCATENATE(LEFT(J$7, 7), "age/sex", $B$29, " ", $C29), [0]!data_range, 5, FALSE) -> #REF! | K29: =VLOOKUP(CONCATENATE(LEFT(K$7, 7), "age/sex", $B$29, " ", $C29), [0]!data_range, 5, FALSE) -> #REF! | ... M29: =VLOOKUP(CONCATENATE(LEFT(M$7, 7), "age/sex", $B$29, " ", $C29), [0]!data_range, 5, FALSE) -> #REF!
C30: Male | D30: =VLOOKUP(CONCATENATE(LEFT(D$7, 7), "age/sex", $B$29, " ", $C30), [0]!data_range, 5, FALSE) -> #REF! | E30: =VLOOKUP(CONCATENATE(LEFT(E$7, 7), "age/sex", $B$29, " ", $C30), [0]!data_range, 5, FALSE) -> #REF! | F30: =VLOOKUP(CONCATENATE(LEFT(F$7, 7), "age/sex", $B$29, " ", $C30), [0]!data_range, 5, FALSE) -> #REF! | G30: =VLOOKUP(CONCATENATE(LEFT(G$7, 7), "age/sex", $B$29, " ", $C30), [0]!data_range, 5, FALSE) -> #REF! | H30: =VLOOKUP(CONCATENATE(LEFT(H$7, 7), "age/sex", $B$29, " ", $C30), [0]!data_range, 5, FALSE) -> #REF! | I30: =VLOOKUP(CONCATENATE(LEFT(I$7, 7), "age/sex", $B$29, " ", $C30), [0]!data_range, 5, FALSE) -> #REF! | J30: =VLOOKUP(CONCATENATE(LEFT(J$7, 7), "age/sex", $B$29, " ", $C30), [0]!data_range, 5, FALSE) -> #REF! | K30: =VLOOKUP(CONCATENATE(LEFT(K$7, 7), "age/sex", $B$29, " ", $C30), [0]!data_range, 5, FALSE) -> #REF! | ... M30: =VLOOKUP(CONCATENATE(LEFT(M$7, 7), "age/sex", $B$29, " ", $C30), [0]!data_range, 5, FALSE) -> #REF!
C31: Both | D31: =VLOOKUP(CONCATENATE(LEFT(D$7, 7), "age/sex", $B$29, " ", $C31), [0]!data_range, 5, FALSE) -> #REF! | E31: =VLOOKUP(CONCATENATE(LEFT(E$7, 7), "age/sex", $B$29, " ", $C31), [0]!data_range, 5, FALSE) -> #REF! | F31: =VLOOKUP(CONCATENATE(LEFT(F$7, 7), "age/sex", $B$29, " ", $C31), [0]!data_range, 5, FALSE) -> #REF! | G31: =VLOOKUP(CONCATENATE(LEFT(G$7, 7), "age/sex", $B$29, " ", $C31), [0]!data_range, 5, FALSE) -> #REF! | H31: =VLOOKUP(CONCATENATE(LEFT(H$7, 7), "age/sex", $B$29, " ", $C31), [0]!data_range, 5, FALSE) -> #REF! | I31: =VLOOKUP(CONCATENATE(LEFT(I$7, 7), "age/sex", $B$29, " ", $C31), [0]!data_range, 5, FALSE) -> #REF! | J31: =VLOOKUP(CONCATENATE(LEFT(J$7, 7), "age/sex", $B$29, " ", $C31), [0]!data_range, 5, FALSE) -> #REF! | K31: =VLOOKUP(CONCATENATE(LEFT(K$7, 7), "age/sex", $B$29, " ", $C31), [0]!data_range, 5, FALSE) -> #REF! | ... M31: =VLOOKUP(CONCATENATE(LEFT(M$7, 7), "age/sex", $B$29, " ", $C31), [0]!data_range, 5, FALSE) -> #REF!
B33: External causes of death excluded from analysis
B35: Please note that the number of deaths observed in the 0-17 and 18-44 age groups is less than the other age groups reported and caution should be applied when using and interpreting the Quality Outcome Measure (QOM) figures for these age groups.
B37: Source: SMR01 (including GLS), SMR04 and NRS Death Records
B38: Health and Social Care Team, PHS
B39: ="p. " & calculation!$E$14 -> #REF!
B40: ="1. " & calculation!E17 -> 1. Figures in 2020/21 and 2021/22 are likely to have been affected by the impact of COVID-19 on hospital stays.

Sheet Table 4 - Deprivation
B1: =Notes!B1:O1
B2: Table 4: Percentage of last six months of life spent at home or in a community setting
B3: by Deprivation Category2,3
L5: Financial Year Ending 31st March
B7: Deprivation Category (SIMD Quintile)2 | C7: =calculation!B$10 -> #REF! | D7: =calculation!C$10 -> #REF! | E7: =calculation!D$10 -> #REF! | F7: =calculation!E$10 -> #REF! | G7: =calculation!F$10 -> #REF! | H7: =calculation!G$10 -> #REF! | I7: =calculation!H$10 -> #REF! | J7: =calculation!I$10 -> #REF! | ... L7: =calculation!K$10 -> #REF!
B8: 1 - Most Deprived | C8: =VLOOKUP(CONCATENATE(LEFT(C$7, 7), "simd quintile", $B8), [0]!data_range, 5, FALSE) -> #REF! | D8: =VLOOKUP(CONCATENATE(LEFT(D$7, 7), "simd quintile", $B8), [0]!data_range, 5, FALSE) -> #REF! | E8: =VLOOKUP(CONCATENATE(LEFT(E$7, 7), "simd quintile", $B8), [0]!data_range, 5, FALSE) -> #REF! | F8: =VLOOKUP(CONCATENATE(LEFT(F$7, 7), "simd quintile", $B8), [0]!data_range, 5, FALSE) -> #REF! | G8: =VLOOKUP(CONCATENATE(LEFT(G$7, 7), "simd quintile", $B8), [0]!data_range, 5, FALSE) -> #REF! | H8: =VLOOKUP(CONCATENATE(LEFT(H$7, 7), "simd quintile", $B8), [0]!data_range, 5, FALSE) -> #REF! | I8: =VLOOKUP(CONCATENATE(LEFT(I$7, 7), "simd quintile", $B8), [0]!data_range, 5, FALSE) -> #REF! | J8: =VLOOKUP(CONCATENATE(LEFT(J$7, 7), "simd quintile", $B8), [0]!data_range, 5, FALSE) -> #REF! | ... L8: =VLOOKUP(CONCATENATE(LEFT(L$7, 7), "simd quintile", $B8), [0]!data_range, 5, FALSE) -> #REF!
B9: 2 | C9: =VLOOKUP(CONCATENATE(LEFT(C$7, 7), "simd quintile", $B9), [0]!data_range, 5, FALSE) -> #REF! | D9: =VLOOKUP(CONCATENATE(LEFT(D$7, 7), "simd quintile", $B9), [0]!data_range, 5, FALSE) -> #REF! | E9: =VLOOKUP(CONCATENATE(LEFT(E$7, 7), "simd quintile", $B9), [0]!data_range, 5, FALSE) -> #REF! | F9: =VLOOKUP(CONCATENATE(LEFT(F$7, 7), "simd quintile", $B9), [0]!data_range, 5, FALSE) -> #REF! | G9: =VLOOKUP(CONCATENATE(LEFT(G$7, 7), "simd quintile", $B9), [0]!data_range, 5, FALSE) -> #REF! | H9: =VLOOKUP(CONCATENATE(LEFT(H$7, 7), "simd quintile", $B9), [0]!data_range, 5, FALSE) -> #REF! | I9: =VLOOKUP(CONCATENATE(LEFT(I$7, 7), "simd quintile", $B9), [0]!data_range, 5, FALSE) -> #REF! | J9: =VLOOKUP(CONCATENATE(LEFT(J$7, 7), "simd quintile", $B9), [0]!data_range, 5, FALSE) -> #REF! | ... L9: =VLOOKUP(CONCATENATE(LEFT(L$7, 7), "simd quintile", $B9), [0]!data_range, 5, FALSE) -> #REF!
B10: 3 | C10: =VLOOKUP(CONCATENATE(LEFT(C$7, 7), "simd quintile", $B10), [0]!data_range, 5, FALSE) -> #REF! | D10: =VLOOKUP(CONCATENATE(LEFT(D$7, 7), "simd quintile", $B10), [0]!data_range, 5, FALSE) -> #REF! | E10: =VLOOKUP(CONCATENATE(LEFT(E$7, 7), "simd quintile", $B10), [0]!data_range, 5, FALSE) -> #REF! | F10: =VLOOKUP(CONCATENATE(LEFT(F$7, 7), "simd quintile", $B10), [0]!data_range, 5, FALSE) -> #REF! | G10: =VLOOKUP(CONCATENATE(LEFT(G$7, 7), "simd quintile", $B10), [0]!data_range, 5, FALSE) -> #REF! | H10: =VLOOKUP(CONCATENATE(LEFT(H$7, 7), "simd quintile", $B10), [0]!data_range, 5, FALSE) -> #REF! | I10: =VLOOKUP(CONCATENATE(LEFT(I$7, 7), "simd quintile", $B10), [0]!data_range, 5, FALSE) -> #REF! | J10: =VLOOKUP(CONCATENATE(LEFT(J$7, 7), "simd quintile", $B10), [0]!data_range, 5, FALSE) -> #REF! | ... L10: =VLOOKUP(CONCATENATE(LEFT(L$7, 7), "simd quintile", $B10), [0]!data_range, 5, FALSE) -> #REF!
B11: 4 | C11: =VLOOKUP(CONCATENATE(LEFT(C$7, 7), "simd quintile", $B11), [0]!data_range, 5, FALSE) -> #REF! | D11: =VLOOKUP(CONCATENATE(LEFT(D$7, 7), "simd quintile", $B11), [0]!data_range, 5, FALSE) -> #REF! | E11: =VLOOKUP(CONCATENATE(LEFT(E$7, 7), "simd quintile", $B11), [0]!data_range, 5, FALSE) -> #REF! | F11: =VLOOKUP(CONCATENATE(LEFT(F$7, 7), "simd quintile", $B11), [0]!data_range, 5, FALSE) -> #REF! | G11: =VLOOKUP(CONCATENATE(LEFT(G$7, 7), "simd quintile", $B11), [0]!data_range, 5, FALSE) -> #REF! | H11: =VLOOKUP(CONCATENATE(LEFT(H$7, 7), "simd quintile", $B11), [0]!data_range, 5, FALSE) -> #REF! | I11: =VLOOKUP(CONCATENATE(LEFT(I$7, 7), "simd quintile", $B11), [0]!data_range, 5, FALSE) -> #REF! | J11: =VLOOKUP(CONCATENATE(LEFT(J$7, 7), "simd quintile", $B11), [0]!data_range, 5, FALSE) -> #REF! | ... L11: =VLOOKUP(CONCATENATE(LEFT(L$7, 7), "simd quintile", $B11), [0]!data_range, 5, FALSE) -> #REF!
B12: 5 - Least Deprived | C12: =VLOOKUP(CONCATENATE(LEFT(C$7, 7), "simd quintile", $B12), [0]!data_range, 5, FALSE) -> #REF! | D12: =VLOOKUP(CONCATENATE(LEFT(D$7, 7), "simd quintile", $B12), [0]!data_range, 5, FALSE) -> #REF! | E12: =VLOOKUP(CONCATENATE(LEFT(E$7, 7), "simd quintile", $B12), [0]!data_range, 5, FALSE) -> #REF! | F12: =VLOOKUP(CONCATENATE(LEFT(F$7, 7), "simd quintile", $B12), [0]!data_range, 5, FALSE) -> #REF! | G12: =VLOOKUP(CONCATENATE(LEFT(G$7, 7), "simd quintile", $B12), [0]!data_range, 5, FALSE) -> #REF! | H12: =VLOOKUP(CONCATENATE(LEFT(H$7, 7), "simd quintile", $B12), [0]!data_range, 5, FALSE) -> #REF! | I12: =VLOOKUP(CONCATENATE(LEFT(I$7, 7), "simd quintile", $B12), [0]!data_range, 5, FALSE) -> #REF! | J12: =VLOOKUP(CONCATENATE(LEFT(J$7, 7), "simd quintile", $B12), [0]!data_range, 5, FALSE) -> #REF! | ... L12: =VLOOKUP(CONCATENATE(LEFT(L$7, 7), "simd quintile", $B12), [0]!data_range, 5, FALSE) -> #REF!
B15: Deprivation Category (15+ Most Deprived)3 | C15: =calculation!B$10 -> #REF! | D15: =calculation!C$10 -> #REF! | E15: =calculation!D$10 -> #REF! | F15: =calculation!E$10 -> #REF! | G15: =calculation!F$10 -> #REF! | H15: =calculation!G$10 -> #REF! | I15: =calculation!H$10 -> #REF! | J15: =calculation!I$10 -> #REF! | ... L15: =calculation!K$10 -> #REF!
B16: 15% most deprived | C16: =VLOOKUP(CONCATENATE(LEFT(C$15, 7), "simd 15", $B16), [0]!data_range, 5, FALSE) -> #REF! | D16: =VLOOKUP(CONCATENATE(LEFT(D$15, 7), "simd 15", $B16), [0]!data_range, 5, FALSE) -> #REF! | E16: =VLOOKUP(CONCATENATE(LEFT(E$15, 7), "simd 15", $B16), [0]!data_range, 5, FALSE) -> #REF! | F16: =VLOOKUP(CONCATENATE(LEFT(F$15, 7), "simd 15", $B16), [0]!data_range, 5, FALSE) -> #REF! | G16: =VLOOKUP(CONCATENATE(LEFT(G$15, 7), "simd 15", $B16), [0]!data_range, 5, FALSE) -> #REF! | H16: =VLOOKUP(CONCATENATE(LEFT(H$15, 7), "simd 15", $B16), [0]!data_range, 5, FALSE) -> #REF! | I16: =VLOOKUP(CONCATENATE(LEFT(I$15, 7), "simd 15", $B16), [0]!data_range, 5, FALSE) -> #REF! | J16: =VLOOKUP(CONCATENATE(LEFT(J$15, 7), "simd 15", $B16), [0]!data_range, 5, FALSE) -> #REF! | ... L16: =VLOOKUP(CONCATENATE(LEFT(L$15, 7), "simd 15", $B16), [0]!data_range, 5, FALSE) -> #REF!
B17: Other 85% | C17: =VLOOKUP(CONCATENATE(LEFT(C$15, 7), "simd 15", $B17), [0]!data_range, 5, FALSE) -> #REF! | D17: =VLOOKUP(CONCATENATE(LEFT(D$15, 7), "simd 15", $B17), [0]!data_range, 5, FALSE) -> #REF! | E17: =VLOOKUP(CONCATENATE(LEFT(E$15, 7), "simd 15", $B17), [0]!data_range, 5, FALSE) -> #REF! | F17: =VLOOKUP(CONCATENATE(LEFT(F$15, 7), "simd 15", $B17), [0]!data_range, 5, FALSE) -> #REF! | G17: =VLOOKUP(CONCATENATE(LEFT(G$15, 7), "simd 15", $B17), [0]!data_range, 5, FALSE) -> #REF! | H17: =VLOOKUP(CONCATENATE(LEFT(H$15, 7), "simd 15", $B17), [0]!data_range, 5, FALSE) -> #REF! | I17: =VLOOKUP(CONCATENATE(LEFT(I$15, 7), "simd 15", $B17), [0]!data_range, 5, FALSE) -> #REF! | J17: =VLOOKUP(CONCATENATE(LEFT(J$15, 7), "simd 15", $B17), [0]!data_range, 5, FALSE) -> #REF! | ... L17: =VLOOKUP(CONCATENATE(LEFT(L$15, 7), "simd 15", $B17), [0]!data_range, 5, FALSE) -> #REF!
B20: External causes of death excluded from analysis
B22: Source: SMR01 (including GLS), SMR04 and NRS Death Records
B23: Health and Social Care Team, PHS
B24: ="p. " & calculation!$E$14 -> #REF!
B25: ="1. " & calculation!E17 -> 1. Figures in 2020/21 and 2021/22 are likely to have been affected by the impact of COVID-19 on hospital stays.
B26: 2. Data are analysed by the 2020 ‘Scotland level’ Scottish Index of Multiple Deprivation (SIMD) population weighted quintiles. Each quintile consists of approximately 20% of the population living in Scotland, with deprivation quintile 1 indicating the population living in the most deprived areas.
B27: For more information on Scottish Index of Multiple Deprivation see | D27: http://www.scotland.gov.uk/Topics/Statistics/SIMD/
B28: 3. Deprivation categorised by 15% of the population in the most deprived areas and the remaining 85% of the Scottish population. Based on 2020 Scotland level Scottish Index of Multiple Deprivation (SIMD).

Sheet Figure A1-3 - Deprivation
B2: Figure A1.3: Percentage of last six months of life spent at home or in a community setting
B3: by Deprivation Category2
A5: 1
N7: =calculation!B$10 -> #REF! | O7: =calculation!C$10 -> #REF! | P7: =calculation!D$10 -> #REF! | Q7: =calculation!E$10 -> #REF! | R7: =calculation!F$10 -> #REF! | S7: =calculation!G$10 -> #REF! | T7: =calculation!H$10 -> #REF! | U7: =calculation!I$10 -> #REF! | ... W7: =calculation!K$10 -> #REF!
M8: =VLOOKUP($A$5, calculation!$A$61:$B$65, 2, 0) -> 1 - Most Deprived | N8: =VLOOKUP(CONCATENATE(LEFT(N$7, 7), "simd quintile", $M$8), [0]!data_range, 5, FALSE) -> #REF! | O8: =VLOOKUP(CONCATENATE(LEFT(O$7, 7), "simd quintile", $M$8), [0]!data_range, 5, FALSE) -> #REF! | P8: =VLOOKUP(CONCATENATE(LEFT(P$7, 7), "simd quintile", $M$8), [0]!data_range, 5, FALSE) -> #REF! | Q8: =VLOOKUP(CONCATENATE(LEFT(Q$7, 7), "simd quintile", $M$8), [0]!data_range, 5, FALSE) -> #REF! | R8: =VLOOKUP(CONCATENATE(LEFT(R$7, 7), "simd quintile", $M$8), [0]!data_range, 5, FALSE) -> #REF! | S8: =VLOOKUP(CONCATENATE(LEFT(S$7, 7), "simd quintile", $M$8), [0]!data_range, 5, FALSE) -> #REF! | T8: =VLOOKUP(CONCATENATE(LEFT(T$7, 7), "simd quintile", $M$8), [0]!data_range, 5, FALSE) -> #REF! | U8: =VLOOKUP(CONCATENATE(LEFT(U$7, 7), "simd quintile", $M$8), [0]!data_range, 5, FALSE) -> #REF! | ... W8: =VLOOKUP(CONCATENATE(LEFT(W$7, 7), "simd quintile", $M$8), [0]!data_range, 5, FALSE) -> #REF!
B31: Please note that the y-axis does not start at zero.
B33: External causes of death excluded from analysis
B35: Source: SMR01 (including GLS), SMR04 and NRS Death Records
B36: Health and Social Care Team, PHS
B37: ="p. " & calculation!$E$14 -> #REF!
B38: ="1. " & calculation!E17 -> 1. Figures in 2020/21 and 2021/22 are likely to have been affected by the impact of COVID-19 on hospital stays.
B39: 2. Data are analysed by the 2020 ‘Scotland level’ Scottish Index of Multiple Deprivation (SIMD) population weighted quintiles. Each quintile consists of approximately 20% of the population living in Scotland, with deprivation quintile 1 indicating the population living in the most deprived areas.
B40: For more information on Scottish Index of Multiple Deprivation see | G40: http://www.scotland.gov.uk/Topics/Statistics/SIMD/

Sheet Table 5 - Urban Rural
B1: =Notes!B1:O1
B2: Table 5: Percentage of last six months of life spent at home or in a community setting
B3: by Urban/Rural Classification2
L5: Financial Year Ending 31st March
B7: Urban Rural 6-fold Classification | C7: =calculation!B$10 -> #REF! | D7: =calculation!C$10 -> #REF! | E7: =calculation!D$10 -> #REF! | F7: =calculation!E$10 -> #REF! | G7: =calculation!F$10 -> #REF! | H7: =calculation!G$10 -> #REF! | I7: =calculation!H$10 -> #REF! | J7: =calculation!I$10 -> #REF! | ... L7: =calculation!K$10 -> #REF!
B8: 1 Large Urban Areas | C8: =VLOOKUP(CONCATENATE(LEFT(C$7, 7), "urban rural 6", $B8), [0]!data_range, 5, FALSE) -> #REF! | D8: =VLOOKUP(CONCATENATE(LEFT(D$7, 7), "urban rural 6", $B8), [0]!data_range, 5, FALSE) -> #REF! | E8: =VLOOKUP(CONCATENATE(LEFT(E$7, 7), "urban rural 6", $B8), [0]!data_range, 5, FALSE) -> #REF! | F8: =VLOOKUP(CONCATENATE(LEFT(F$7, 7), "urban rural 6", $B8), [0]!data_range, 5, FALSE) -> #REF! | G8: =VLOOKUP(CONCATENATE(LEFT(G$7, 7), "urban rural 6", $B8), [0]!data_range, 5, FALSE) -> #REF! | H8: =VLOOKUP(CONCATENATE(LEFT(H$7, 7), "urban rural 6", $B8), [0]!data_range, 5, FALSE) -> #REF! | I8: =VLOOKUP(CONCATENATE(LEFT(I$7, 7), "urban rural 6", $B8), [0]!data_range, 5, FALSE) -> #REF! | J8: =VLOOKUP(CONCATENATE(LEFT(J$7, 7), "urban rural 6", $B8), [0]!data_range, 5, FALSE) -> #REF! | ... L8: =VLOOKUP(CONCATENATE(LEFT(L$7, 7), "urban rural 6", $B8), [0]!data_range, 5, FALSE) -> #REF!
B9: 2 Other Urban Areas | C9: =VLOOKUP(CONCATENATE(LEFT(C$7, 7), "urban rural 6", $B9), [0]!data_range, 5, FALSE) -> #REF! | D9: =VLOOKUP(CONCATENATE(LEFT(D$7, 7), "urban rural 6", $B9), [0]!data_range, 5, FALSE) -> #REF! | E9: =VLOOKUP(CONCATENATE(LEFT(E$7, 7), "urban rural 6", $B9), [0]!data_range, 5, FALSE) -> #REF! | F9: =VLOOKUP(CONCATENATE(LEFT(F$7, 7), "urban rural 6", $B9), [0]!data_range, 5, FALSE) -> #REF! | G9: =VLOOKUP(CONCATENATE(LEFT(G$7, 7), "urban rural 6", $B9), [0]!data_range, 5, FALSE) -> #REF! | H9: =VLOOKUP(CONCATENATE(LEFT(H$7, 7), "urban rural 6", $B9), [0]!data_range, 5, FALSE) -> #REF! | I9: =VLOOKUP(CONCATENATE(LEFT(I$7, 7), "urban rural 6", $B9), [0]!data_range, 5, FALSE) -> #REF! | J9: =VLOOKUP(CONCATENATE(LEFT(J$7, 7), "urban rural 6", $B9), [0]!data_range, 5, FALSE) -> #REF! | ... L9: =VLOOKUP(CONCATENATE(LEFT(L$7, 7), "urban rural 6", $B9), [0]!data_range, 5, FALSE) -> #REF!
B10: 3 Accessible Small Towns | C10: =VLOOKUP(CONCATENATE(LEFT(C$7, 7), "urban rural 6", $B10), [0]!data_range, 5, FALSE) -> #REF! | D10: =VLOOKUP(CONCATENATE(LEFT(D$7, 7), "urban rural 6", $B10), [0]!data_range, 5, FALSE) -> #REF! | E10: =VLOOKUP(CONCATENATE(LEFT(E$7, 7), "urban rural 6", $B10), [0]!data_range, 5, FALSE) -> #REF! | F10: =VLOOKUP(CONCATENATE(LEFT(F$7, 7), "urban rural 6", $B10), [0]!data_range, 5, FALSE) -> #REF! | G10: =VLOOKUP(CONCATENATE(LEFT(G$7, 7), "urban rural 6", $B10), [0]!data_range, 5, FALSE) -> #REF! | H10: =VLOOKUP(CONCATENATE(LEFT(H$7, 7), "urban rural 6", $B10), [0]!data_range, 5, FALSE) -> #REF! | I10: =VLOOKUP(CONCATENATE(LEFT(I$7, 7), "urban rural 6", $B10), [0]!data_range, 5, FALSE) -> #REF! | J10: =VLOOKUP(CONCATENATE(LEFT(J$7, 7), "urban rural 6", $B10), [0]!data_range, 5, FALSE) -> #REF! | ... L10: =VLOOKUP(CONCATENATE(LEFT(L$7, 7), "urban rural 6", $B10), [0]!data_range, 5, FALSE) -> #REF!
B11: 4 Remote Small Towns | C11: =VLOOKUP(CONCATENATE(LEFT(C$7, 7), "urban rural 6", $B11), [0]!data_range, 5, FALSE) -> #REF! | D11: =VLOOKUP(CONCATENATE(LEFT(D$7, 7), "urban rural 6", $B11), [0]!data_range, 5, FALSE) -> #REF! | E11: =VLOOKUP(CONCATENATE(LEFT(E$7, 7), "urban rural 6", $B11), [0]!data_range, 5, FALSE) -> #REF! | F11: =VLOOKUP(CONCATENATE(LEFT(F$7, 7), "urban rural 6", $B11), [0]!data_range, 5, FALSE) -> #REF! | G11: =VLOOKUP(CONCATENATE(LEFT(G$7, 7), "urban rural 6", $B11), [0]!data_range, 5, FALSE) -> #REF! | H11: =VLOOKUP(CONCATENATE(LEFT(H$7, 7), "urban rural 6", $B11), [0]!data_range, 5, FALSE) -> #REF! | I11: =VLOOKUP(CONCATENATE(LEFT(I$7, 7), "urban rural 6", $B11), [0]!data_range, 5, FALSE) -> #REF! | J11: =VLOOKUP(CONCATENATE(LEFT(J$7, 7), "urban rural 6", $B11), [0]!data_range, 5, FALSE) -> #REF! | ... L11: =VLOOKUP(CONCATENATE(LEFT(L$7, 7), "urban rural 6", $B11), [0]!data_range, 5, FALSE) -> #REF!
B12: 5 Accessible Rural | C12: =VLOOKUP(CONCATENATE(LEFT(C$7, 7), "urban rural 6", $B12), [0]!data_range, 5, FALSE) -> #REF! | D12: =VLOOKUP(CONCATENATE(LEFT(D$7, 7), "urban rural 6", $B12), [0]!data_range, 5, FALSE) -> #REF! | E12: =VLOOKUP(CONCATENATE(LEFT(E$7, 7), "urban rural 6", $B12), [0]!data_range, 5, FALSE) -> #REF! | F12: =VLOOKUP(CONCATENATE(LEFT(F$7, 7), "urban rural 6", $B12), [0]!data_range, 5, FALSE) -> #REF! | G12: =VLOOKUP(CONCATENATE(LEFT(G$7, 7), "urban rural 6", $B12), [0]!data_range, 5, FALSE) -> #REF! | H12: =VLOOKUP(CONCATENATE(LEFT(H$7, 7), "urban rural 6", $B12), [0]!data_range, 5, FALSE) -> #REF! | I12: =VLOOKUP(CONCATENATE(LEFT(I$7, 7), "urban rural 6", $B12), [0]!data_range, 5, FALSE) -> #REF! | J12: =VLOOKUP(CONCATENATE(LEFT(J$7, 7), "urban rural 6", $B12), [0]!data_range, 5, FALSE) -> #REF! | ... L12: =VLOOKUP(CONCATENATE(LEFT(L$7, 7), "urban rural 6", $B12), [0]!data_range, 5, FALSE) -> #REF!
B13: 6 Remote Rural | C13: =VLOOKUP(CONCATENATE(LEFT(C$7, 7), "urban rural 6", $B13), [0]!data_range, 5, FALSE) -> #REF! | D13: =VLOOKUP(CONCATENATE(LEFT(D$7, 7), "urban rural 6", $B13), [0]!data_range, 5, FALSE) -> #REF! | E13: =VLOOKUP(CONCATENATE(LEFT(E$7, 7), "urban rural 6", $B13), [0]!data_range, 5, FALSE) -> #REF! | F13: =VLOOKUP(CONCATENATE(LEFT(F$7, 7), "urban rural 6", $B13), [0]!data_range, 5, FALSE) -> #REF! | G13: =VLOOKUP(CONCATENATE(LEFT(G$7, 7), "urban rural 6", $B13), [0]!data_range, 5, FALSE) -> #REF! | H13: =VLOOKUP(CONCATENATE(LEFT(H$7, 7), "urban rural 6", $B13), [0]!data_range, 5, FALSE) -> #REF! | I13: =VLOOKUP(CONCATENATE(LEFT(I$7, 7), "urban rural 6", $B13), [0]!data_range, 5, FALSE) -> #REF! | J13: =VLOOKUP(CONCATENATE(LEFT(J$7, 7), "urban rural 6", $B13), [0]!data_range, 5, FALSE) -> #REF! | ... L13: =VLOOKUP(CONCATENATE(LEFT(L$7, 7), "urban rural 6", $B13), [0]!data_range, 5, FALSE) -> #REF!
B16: Urban Rural 2-fold Classification | C16: =calculation!B$10 -> #REF! | D16: =calculation!C$10 -> #REF! | E16: =calculation!D$10 -> #REF! | F16: =calculation!E$10 -> #REF! | G16: =calculation!F$10 -> #REF! | H16: =calculation!G$10 -> #REF! | I16: =calculation!H$10 -> #REF! | J16: =calculation!I$10 -> #REF! | ... L16: =calculation!K$10 -> #REF!
B17: 1 Rest of Scotland | C17: =VLOOKUP(CONCATENATE(LEFT(C$16, 7), "urban rural 2", $B17), [0]!data_range, 5, FALSE) -> #REF! | D17: =VLOOKUP(CONCATENATE(LEFT(D$16, 7), "urban rural 2", $B17), [0]!data_range, 5, FALSE) -> #REF! | E17: =VLOOKUP(CONCATENATE(LEFT(E$16, 7), "urban rural 2", $B17), [0]!data_range, 5, FALSE) -> #REF! | F17: =VLOOKUP(CONCATENATE(LEFT(F$16, 7), "urban rural 2", $B17), [0]!data_range, 5, FALSE) -> #REF! | G17: =VLOOKUP(CONCATENATE(LEFT(G$16, 7), "urban rural 2", $B17), [0]!data_range, 5, FALSE) -> #REF! | H17: =VLOOKUP(CONCATENATE(LEFT(H$16, 7), "urban rural 2", $B17), [0]!data_range, 5, FALSE) -> #REF! | I17: =VLOOKUP(CONCATENATE(LEFT(I$16, 7), "urban rural 2", $B17), [0]!data_range, 5, FALSE) -> #REF! | J17: =VLOOKUP(CONCATENATE(LEFT(J$16, 7), "urban rural 2", $B17), [0]!data_range, 5, FALSE) -> #REF! | ... L17: =VLOOKUP(CONCATENATE(LEFT(L$16, 7), "urban rural 2", $B17), [0]!data_range, 5, FALSE) -> #REF!
B18: 2 Rural Areas | C18: =VLOOKUP(CONCATENATE(LEFT(C$16, 7), "urban rural 2", $B18), [0]!data_range, 5, FALSE) -> #REF! | D18: =VLOOKUP(CONCATENATE(LEFT(D$16, 7), "urban rural 2", $B18), [0]!data_range, 5, FALSE) -> #REF! | E18: =VLOOKUP(CONCATENATE(LEFT(E$16, 7), "urban rural 2", $B18), [0]!data_range, 5, FALSE) -> #REF! | F18: =VLOOKUP(CONCATENATE(LEFT(F$16, 7), "urban rural 2", $B18), [0]!data_range, 5, FALSE) -> #REF! | G18: =VLOOKUP(CONCATENATE(LEFT(G$16, 7), "urban rural 2", $B18), [0]!data_range, 5, FALSE) -> #REF! | H18: =VLOOKUP(CONCATENATE(LEFT(H$16, 7), "urban rural 2", $B18), [0]!data_range, 5, FALSE) -> #REF! | I18: =VLOOKUP(CONCATENATE(LEFT(I$16, 7), "urban rural 2", $B18), [0]!data_range, 5, FALSE) -> #REF! | J18: =VLOOKUP(CONCATENATE(LEFT(J$16, 7), "urban rural 2", $B18), [0]!data_range, 5, FALSE) -> #REF! | ... L18: =VLOOKUP(CONCATENATE(LEFT(L$16, 7), "urban rural 2", $B18), [0]!data_range, 5, FALSE) -> #REF!
B20: External causes of death excluded from analysis
B22: Source: SMR01 (including GLS), SMR04 and NRS Death Records
B23: Health and Social Care Team, PHS
B24: ="p. " & calculation!$E$14 -> #REF!
B25: ="1. " & calculation!E17 -> 1. Figures in 2020/21 and 2021/22 are likely to have been affected by the impact of COVID-19 on hospital stays.
B26: 2. The Urban/Rural classification can be used to classify geographies as urban, rural or remote. Each data zone is assigned to an urban rural category based upon the location of its population weighted centroid.
B27: The 2022 Urban Rural classification has been used in this analysis.
B28: For more information on Urban / Rural classification see | D28: https://www.gov.scot/publications/scottish-government-urban-rural-classification-2022

Sheet Figure A1-4 - Urban Rural
B2: Figure A1.4: Percentage of last six months of life spent at home or in a community setting
B3: by Urban Rural Classification2
A5: 1
N7: =calculation!B$10 -> #REF! | O7: =calculation!C$10 -> #REF! | P7: =calculation!D$10 -> #REF! | Q7: =calculation!E$10 -> #REF! | R7: =calculation!F$10 -> #REF! | S7: =calculation!G$10 -> #REF! | T7: =calculation!H$10 -> #REF! | U7: =calculation!I$10 -> #REF! | ... W7: =calculation!K$10 -> #REF!
M8: =VLOOKUP($A$5, calculation!$A$67:$B$72, 2, 0) -> 1 Large Urban Areas | N8: =VLOOKUP(CONCATENATE(LEFT(N$7, 7), "urban rural 6", $M$8), [0]!data_range, 5, FALSE) -> #REF! | O8: =VLOOKUP(CONCATENATE(LEFT(O$7, 7), "urban rural 6", $M$8), [0]!data_range, 5, FALSE) -> #REF! | P8: =VLOOKUP(CONCATENATE(LEFT(P$7, 7), "urban rural 6", $M$8), [0]!data_range, 5, FALSE) -> #REF! | Q8: =VLOOKUP(CONCATENATE(LEFT(Q$7, 7), "urban rural 6", $M$8), [0]!data_range, 5, FALSE) -> #REF! | R8: =VLOOKUP(CONCATENATE(LEFT(R$7, 7), "urban rural 6", $M$8), [0]!data_range, 5, FALSE) -> #REF! | S8: =VLOOKUP(CONCATENATE(LEFT(S$7, 7), "urban rural 6", $M$8), [0]!data_range, 5, FALSE) -> #REF! | T8: =VLOOKUP(CONCATENATE(LEFT(T$7, 7), "urban rural 6", $M$8), [0]!data_range, 5, FALSE) -> #REF! | U8: =VLOOKUP(CONCATENATE(LEFT(U$7, 7), "urban rural 6", $M$8), [0]!data_range, 5, FALSE) -> #REF! | ... W8: =VLOOKUP(CONCATENATE(LEFT(W$7, 7), "urban rural 6", $M$8), [0]!data_range, 5, FALSE) -> #REF!
B31: Please note that the y-axis does not start at zero.
B33: External causes of death excluded from analysis
B35: Source: SMR01 (including GLS), SMR04 and NRS Death Records
B36: Health and Social Care Team, PHS
B37: ="p. " & calculation!$E$14 -> #REF!
B38: ="1. " & calculation!E17 -> 1. Figures in 2020/21 and 2021/22 are likely to have been affected by the impact of COVID-19 on hospital stays.
B39: 2. The Urban/Rural classification can be used to classify geographies as urban, rural or remote. Each data zone is assigned to an urban rural category based upon the location of its population weighted centroid.
B40: The 2022 Urban Rural classification has been used in this analysis.
B41: For more information on Urban / Rural classification see | G41: https://www.gov.scot/publications/scottish-government-urban-rural-classification-2022

Sheet Table 6 - LA
B1: =Notes!B1:O1
B2: Table 6: Percentage of last six months of life spent at home or in a community setting
B3: by Local Authority
L5: Financial Year Ending 31st March
B7: Local Authority | C7: =calculation!B$10 -> #REF! | D7: =calculation!C$10 -> #REF! | E7: =calculation!D$10 -> #REF! | F7: =calculation!E$10 -> #REF! | G7: =calculation!F$10 -> #REF! | H7: =calculation!G$10 -> #REF! | I7: =calculation!H$10 -> #REF! | J7: =calculation!I$10 -> #REF! | ... L7: =calculation!K$10 -> #REF!
B8: Aberdeen City | C8: =VLOOKUP(CONCATENATE(LEFT(C$7, 7), "ca", $B8), [0]!data_range, 5, FALSE) -> #REF! | D8: =VLOOKUP(CONCATENATE(LEFT(D$7, 7), "ca", $B8), [0]!data_range, 5, FALSE) -> #REF! | E8: =VLOOKUP(CONCATENATE(LEFT(E$7, 7), "ca", $B8), [0]!data_range, 5, FALSE) -> #REF! | F8: =VLOOKUP(CONCATENATE(LEFT(F$7, 7), "ca", $B8), [0]!data_range, 5, FALSE) -> #REF! | G8: =VLOOKUP(CONCATENATE(LEFT(G$7, 7), "ca", $B8), [0]!data_range, 5, FALSE) -> #REF! | H8: =VLOOKUP(CONCATENATE(LEFT(H$7, 7), "ca", $B8), [0]!data_range, 5, FALSE) -> #REF! | I8: =VLOOKUP(CONCATENATE(LEFT(I$7, 7), "ca", $B8), [0]!data_range, 5, FALSE) -> #REF! | J8: =VLOOKUP(CONCATENATE(LEFT(J$7, 7), "ca", $B8), [0]!data_range, 5, FALSE) -> #REF! | ... L8: =VLOOKUP(CONCATENATE(LEFT(L$7, 7), "ca", $B8), [0]!data_range, 5, FALSE) -> #REF!
B9: Aberdeenshire | C9: =VLOOKUP(CONCATENATE(LEFT(C$7, 7), "ca", $B9), [0]!data_range, 5, FALSE) -> #REF! | D9: =VLOOKUP(CONCATENATE(LEFT(D$7, 7), "ca", $B9), [0]!data_range, 5, FALSE) -> #REF! | E9: =VLOOKUP(CONCATENATE(LEFT(E$7, 7), "ca", $B9), [0]!data_range, 5, FALSE) -> #REF! | F9: =VLOOKUP(CONCATENATE(LEFT(F$7, 7), "ca", $B9), [0]!data_range, 5, FALSE) -> #REF! | G9: =VLOOKUP(CONCATENATE(LEFT(G$7, 7), "ca", $B9), [0]!data_range, 5, FALSE) -> #REF! | H9: =VLOOKUP(CONCATENATE(LEFT(H$7, 7), "ca", $B9), [0]!data_range, 5, FALSE) -> #REF! | I9: =VLOOKUP(CONCATENATE(LEFT(I$7, 7), "ca", $B9), [0]!data_range, 5, FALSE) -> #REF! | J9: =VLOOKUP(CONCATENATE(LEFT(J$7, 7), "ca", $B9), [0]!data_range, 5, FALSE) -> #REF! | ... L9: =VLOOKUP(CONCATENATE(LEFT(L$7, 7), "ca", $B9), [0]!data_range, 5, FALSE) -> #REF!
B10: Angus | C10: =VLOOKUP(CONCATENATE(LEFT(C$7, 7), "ca", $B10), [0]!data_range, 5, FALSE) -> #REF! | D10: =VLOOKUP(CONCATENATE(LEFT(D$7, 7), "ca", $B10), [0]!data_range, 5, FALSE) -> #REF! | E10: =VLOOKUP(CONCATENATE(LEFT(E$7, 7), "ca", $B10), [0]!data_range, 5, FALSE) -> #REF! | F10: =VLOOKUP(CONCATENATE(LEFT(F$7, 7), "ca", $B10), [0]!data_range, 5, FALSE) -> #REF! | G10: =VLOOKUP(CONCATENATE(LEFT(G$7, 7), "ca", $B10), [0]!data_range, 5, FALSE) -> #REF! | H10: =VLOOKUP(CONCATENATE(LEFT(H$7, 7), "ca", $B10), [0]!data_range, 5, FALSE) -> #REF! | I10: =VLOOKUP(CONCATENATE(LEFT(I$7, 7), "ca", $B10), [0]!data_range, 5, FALSE) -> #REF! | J10: =VLOOKUP(CONCATENATE(LEFT(J$7, 7), "ca", $B10), [0]!data_range, 5, FALSE) -> #REF! | ... L10: =VLOOKUP(CONCATENATE(LEFT(L$7, 7), "ca", $B10), [0]!data_range, 5, FALSE) -> #REF!
B11: Argyll and Bute | C11: =VLOOKUP(CONCATENATE(LEFT(C$7, 7), "ca", $B11), [0]!data_range, 5, FALSE) -> #REF! | D11: =VLOOKUP(CONCATENATE(LEFT(D$7, 7), "ca", $B11), [0]!data_range, 5, FALSE) -> #REF! | E11: =VLOOKUP(CONCATENATE(LEFT(E$7, 7), "ca", $B11), [0]!data_range, 5, FALSE) -> #REF! | F11: =VLOOKUP(CONCATENATE(LEFT(F$7, 7), "ca", $B11), [0]!data_range, 5, FALSE) -> #REF! | G11: =VLOOKUP(CONCATENATE(LEFT(G$7, 7), "ca", $B11), [0]!data_range, 5, FALSE) -> #REF! | H11: =VLOOKUP(CONCATENATE(LEFT(H$7, 7), "ca", $B11), [0]!data_range, 5, FALSE) -> #REF! | I11: =VLOOKUP(CONCATENATE(LEFT(I$7, 7), "ca", $B11), [0]!data_range, 5, FALSE) -> #REF! | J11: =VLOOKUP(CONCATENATE(LEFT(J$7, 7), "ca", $B11), [0]!data_range, 5, FALSE) -> #REF! | ... L11: =VLOOKUP(CONCATENATE(LEFT(L$7, 7), "ca", $B11), [0]!data_range, 5, FALSE) -> #REF!
B12: City of Edinburgh | C12: =VLOOKUP(CONCATENATE(LEFT(C$7, 7), "ca", $B12), [0]!data_range, 5, FALSE) -> #REF! | D12: =VLOOKUP(CONCATENATE(LEFT(D$7, 7), "ca", $B12), [0]!data_range, 5, FALSE) -> #REF! | E12: =VLOOKUP(CONCATENATE(LEFT(E$7, 7), "ca", $B12), [0]!data_range, 5, FALSE) -> #REF! | F12: =VLOOKUP(CONCATENATE(LEFT(F$7, 7), "ca", $B12), [0]!data_range, 5, FALSE) -> #REF! | G12: =VLOOKUP(CONCATENATE(LEFT(G$7, 7), "ca", $B12), [0]!data_range, 5, FALSE) -> #REF! | H12: =VLOOKUP(CONCATENATE(LEFT(H$7, 7), "ca", $B12), [0]!data_range, 5, FALSE) -> #REF! | I12: =VLOOKUP(CONCATENATE(LEFT(I$7, 7), "ca", $B12), [0]!data_range, 5, FALSE) -> #REF! | J12: =VLOOKUP(CONCATENATE(LEFT(J$7, 7), "ca", $B12), [0]!data_range, 5, FALSE) -> #REF! | ... L12: =VLOOKUP(CONCATENATE(LEFT(L$7, 7), "ca", $B12), [0]!data_range, 5, FALSE) -> #REF!
B13: Clackmannanshire | C13: =VLOOKUP(CONCATENATE(LEFT(C$7, 7), "ca", $B13), [0]!data_range, 5, FALSE) -> #REF! | D13: =VLOOKUP(CONCATENATE(LEFT(D$7, 7), "ca", $B13), [0]!data_range, 5, FALSE) -> #REF! | E13: =VLOOKUP(CONCATENATE(LEFT(E$7, 7), "ca", $B13), [0]!data_range, 5, FALSE) -> #REF! | F13: =VLOOKUP(CONCATENATE(LEFT(F$7, 7), "ca", $B13), [0]!data_range, 5, FALSE) -> #REF! | G13: =VLOOKUP(CONCATENATE(LEFT(G$7, 7), "ca", $B13), [0]!data_range, 5, FALSE) -> #REF! | H13: =VLOOKUP(CONCATENATE(LEFT(H$7, 7), "ca", $B13), [0]!data_range, 5, FALSE) -> #REF! | I13: =VLOOKUP(CONCATENATE(LEFT(I$7, 7), "ca", $B13), [0]!data_range, 5, FALSE) -> #REF! | J13: =VLOOKUP(CONCATENATE(LEFT(J$7, 7), "ca", $B13), [0]!data_range, 5, FALSE) -> #REF! | ... L13: =VLOOKUP(CONCATENATE(LEFT(L$7, 7), "ca", $B13), [0]!data_range, 5, FALSE) -> #REF!
B14: Comhairle nan Eilean Siar | C14: =VLOOKUP(CONCATENATE(LEFT(C$7, 7), "ca", $B14), [0]!data_range, 5, FALSE) -> #REF! | D14: =VLOOKUP(CONCATENATE(LEFT(D$7, 7), "ca", $B14), [0]!data_range, 5, FALSE) -> #REF! | E14: =VLOOKUP(CONCATENATE(LEFT(E$7, 7), "ca", $B14), [0]!data_range, 5, FALSE) -> #REF! | F14: =VLOOKUP(CONCATENATE(LEFT(F$7, 7), "ca", $B14), [0]!data_range, 5, FALSE) -> #REF! | G14: =VLOOKUP(CONCATENATE(LEFT(G$7, 7), "ca", $B14), [0]!data_range, 5, FALSE) -> #REF! | H14: =VLOOKUP(CONCATENATE(LEFT(H$7, 7), "ca", $B14), [0]!data_range, 5, FALSE) -> #REF! | I14: =VLOOKUP(CONCATENATE(LEFT(I$7, 7), "ca", $B14), [0]!data_range, 5, FALSE) -> #REF! | J14: =VLOOKUP(CONCATENATE(LEFT(J$7, 7), "ca", $B14), [0]!data_range, 5, FALSE) -> #REF! | ... L14: =VLOOKUP(CONCATENATE(LEFT(L$7, 7), "ca", $B14), [0]!data_range, 5, FALSE) -> #REF!
B15: Dumfries and Galloway | C15: =VLOOKUP(CONCATENATE(LEFT(C$7, 7), "ca", $B15), [0]!data_range, 5, FALSE) -> #REF! | D15: =VLOOKUP(CONCATENATE(LEFT(D$7, 7), "ca", $B15), [0]!data_range, 5, FALSE) -> #REF! | E15: =VLOOKUP(CONCATENATE(LEFT(E$7, 7), "ca", $B15), [0]!data_range, 5, FALSE) -> #REF! | F15: =VLOOKUP(CONCATENATE(LEFT(F$7, 7), "ca", $B15), [0]!data_range, 5, FALSE) -> #REF! | G15: =VLOOKUP(CONCATENATE(LEFT(G$7, 7), "ca", $B15), [0]!data_range, 5, FALSE) -> #REF! | H15: =VLOOKUP(CONCATENATE(LEFT(H$7, 7), "ca", $B15), [0]!data_range, 5, FALSE) -> #REF! | I15: =VLOOKUP(CONCATENATE(LEFT(I$7, 7), "ca", $B15), [0]!data_range, 5, FALSE) -> #REF! | J15: =VLOOKUP(CONCATENATE(LEFT(J$7, 7), "ca", $B15), [0]!data_range, 5, FALSE) -> #REF! | ... L15: =VLOOKUP(CONCATENATE(LEFT(L$7, 7), "ca", $B15), [0]!data_range, 5, FALSE) -> #REF!
B16: Dundee City | C16: =VLOOKUP(CONCATENATE(LEFT(C$7, 7), "ca", $B16), [0]!data_range, 5, FALSE) -> #REF! | D16: =VLOOKUP(CONCATENATE(LEFT(D$7, 7), "ca", $B16), [0]!data_range, 5, FALSE) -> #REF! | E16: =VLOOKUP(CONCATENATE(LEFT(E$7, 7), "ca", $B16), [0]!data_range, 5, FALSE) -> #REF! | F16: =VLOOKUP(CONCATENATE(LEFT(F$7, 7), "ca", $B16), [0]!data_range, 5, FALSE) -> #REF! | G16: =VLOOKUP(CONCATENATE(LEFT(G$7, 7), "ca", $B16), [0]!data_range, 5, FALSE) -> #REF! | H16: =VLOOKUP(CONCATENATE(LEFT(H$7, 7), "ca", $B16), [0]!data_range, 5, FALSE) -> #REF! | I16: =VLOOKUP(CONCATENATE(LEFT(I$7, 7), "ca", $B16), [0]!data_range, 5, FALSE) -> #REF! | J16: =VLOOKUP(CONCATENATE(LEFT(J$7, 7), "ca", $B16), [0]!data_range, 5, FALSE) -> #REF! | ... L16: =VLOOKUP(CONCATENATE(LEFT(L$7, 7), "ca", $B16), [0]!data_range, 5, FALSE) -> #REF!
B17: East Ayrshire | C17: =VLOOKUP(CONCATENATE(LEFT(C$7, 7), "ca", $B17), [0]!data_range, 5, FALSE) -> #REF! | D17: =VLOOKUP(CONCATENATE(LEFT(D$7, 7), "ca", $B17), [0]!data_range, 5, FALSE) -> #REF! | E17: =VLOOKUP(CONCATENATE(LEFT(E$7, 7), "ca", $B17), [0]!data_range, 5, FALSE) -> #REF! | F17: =VLOOKUP(CONCATENATE(LEFT(F$7, 7), "ca", $B17), [0]!data_range, 5, FALSE) -> #REF! | G17: =VLOOKUP(CONCATENATE(LEFT(G$7, 7), "ca", $B17), [0]!data_range, 5, FALSE) -> #REF! | H17: =VLOOKUP(CONCATENATE(LEFT(H$7, 7), "ca", $B17), [0]!data_range, 5, FALSE) -> #REF! | I17: =VLOOKUP(CONCATENATE(LEFT(I$7, 7), "ca", $B17), [0]!data_range, 5, FALSE) -> #REF! | J17: =VLOOKUP(CONCATENATE(LEFT(J$7, 7), "ca", $B17), [0]!data_range, 5, FALSE) -> #REF! | ... L17: =VLOOKUP(CONCATENATE(LEFT(L$7, 7), "ca", $B17), [0]!data_range, 5, FALSE) -> #REF!
B18: East Dunbartonshire | C18: =VLOOKUP(CONCATENATE(LEFT(C$7, 7), "ca", $B18), [0]!data_range, 5, FALSE) -> #REF! | D18: =VLOOKUP(CONCATENATE(LEFT(D$7, 7), "ca", $B18), [0]!data_range, 5, FALSE) -> #REF! | E18: =VLOOKUP(CONCATENATE(LEFT(E$7, 7), "ca", $B18), [0]!data_range, 5, FALSE) -> #REF! | F18: =VLOOKUP(CONCATENATE(LEFT(F$7, 7), "ca", $B18), [0]!data_range, 5, FALSE) -> #REF! | G18: =VLOOKUP(CONCATENATE(LEFT(G$7, 7), "ca", $B18), [0]!data_range, 5, FALSE) -> #REF! | H18: =VLOOKUP(CONCATENATE(LEFT(H$7, 7), "ca", $B18), [0]!data_range, 5, FALSE) -> #REF! | I18: =VLOOKUP(CONCATENATE(LEFT(I$7, 7), "ca", $B18), [0]!data_range, 5, FALSE) -> #REF! | J18: =VLOOKUP(CONCATENATE(LEFT(J$7, 7), "ca", $B18), [0]!data_range, 5, FALSE) -> #REF! | ... L18: =VLOOKUP(CONCATENATE(LEFT(L$7, 7), "ca", $B18), [0]!data_range, 5, FALSE) -> #REF!
B19: East Lothian | C19: =VLOOKUP(CONCATENATE(LEFT(C$7, 7), "ca", $B19), [0]!data_range, 5, FALSE) -> #REF! | D19: =VLOOKUP(CONCATENATE(LEFT(D$7, 7), "ca", $B19), [0]!data_range, 5, FALSE) -> #REF! | E19: =VLOOKUP(CONCATENATE(LEFT(E$7, 7), "ca", $B19), [0]!data_range, 5, FALSE) -> #REF! | F19: =VLOOKUP(CONCATENATE(LEFT(F$7, 7), "ca", $B19), [0]!data_range, 5, FALSE) -> #REF! | G19: =VLOOKUP(CONCATENATE(LEFT(G$7, 7), "ca", $B19), [0]!data_range, 5, FALSE) -> #REF! | H19: =VLOOKUP(CONCATENATE(LEFT(H$7, 7), "ca", $B19), [0]!data_range, 5, FALSE) -> #REF! | I19: =VLOOKUP(CONCATENATE(LEFT(I$7, 7), "ca", $B19), [0]!data_range, 5, FALSE) -> #REF! | J19: =VLOOKUP(CONCATENATE(LEFT(J$7, 7), "ca", $B19), [0]!data_range, 5, FALSE) -> #REF! | ... L19: =VLOOKUP(CONCATENATE(LEFT(L$7, 7), "ca", $B19), [0]!data_range, 5, FALSE) -> #REF!
... B39: West Lothian | C39: =VLOOKUP(CONCATENATE(LEFT(C$7, 7), "ca", $B39), [0]!data_range, 5, FALSE) -> #REF! | D39: =VLOOKUP(CONCATENATE(LEFT(D$7, 7), "ca", $B39), [0]!data_range, 5, FALSE) -> #REF! | E39: =VLOOKUP(CONCATENATE(LEFT(E$7, 7), "ca", $B39), [0]!data_range, 5, FALSE) -> #REF! | F39: =VLOOKUP(CONCATENATE(LEFT(F$7, 7), "ca", $B39), [0]!data_range, 5, FALSE) -> #REF! | G39: =VLOOKUP(CONCATENATE(LEFT(G$7, 7), "ca", $B39), [0]!data_range, 5, FALSE) -> #REF! | H39: =VLOOKUP(CONCATENATE(LEFT(H$7, 7), "ca", $B39), [0]!data_range, 5, FALSE) -> #REF! | I39: =VLOOKUP(CONCATENATE(LEFT(I$7, 7), "ca", $B39), [0]!data_range, 5, FALSE) -> #REF! | J39: =VLOOKUP(CONCATENATE(LEFT(J$7, 7), "ca", $B39), [0]!data_range, 5, FALSE) -> #REF! | ... L39: =VLOOKUP(CONCATENATE(LEFT(L$7, 7), "ca", $B39), [0]!data_range, 5, FALSE) -> #REF!
B40: Scotland | C40: =VLOOKUP(CONCATENATE(LEFT(C$7, 7), "Scotland", $B40), [0]!data_range, 5, FALSE) -> #REF! | D40: =VLOOKUP(CONCATENATE(LEFT(D$7, 7), "Scotland", $B40), [0]!data_range, 5, FALSE) -> #REF! | E40: =VLOOKUP(CONCATENATE(LEFT(E$7, 7), "Scotland", $B40), [0]!data_range, 5, FALSE) -> #REF! | F40: =VLOOKUP(CONCATENATE(LEFT(F$7, 7), "Scotland", $B40), [0]!data_range, 5, FALSE) -> #REF! | G40: =VLOOKUP(CONCATENATE(LEFT(G$7, 7), "Scotland", $B40), [0]!data_range, 5, FALSE) -> #REF! | H40: =VLOOKUP(CONCATENATE(LEFT(H$7, 7), "Scotland", $B40), [0]!data_range, 5, FALSE) -> #REF! | I40: =VLOOKUP(CONCATENATE(LEFT(I$7, 7), "Scotland", $B40), [0]!data_range, 5, FALSE) -> #REF! | J40: =VLOOKUP(CONCATENATE(LEFT(J$7, 7), "Scotland", $B40), [0]!data_range, 5, FALSE) -> #REF! | ... L40: =VLOOKUP(CONCATENATE(LEFT(L$7, 7), "Scotland", $B40), [0]!data_range, 5, FALSE) -> #REF!
B42: External causes of death excluded from analysis
B44: Source: SMR01 (including GLS), SMR04 and NRS Death Records
B45: Health and Social Care Team, PHS
B46: ="p. " & calculation!$E$14 -> #REF!
B47: ="1. " & calculation!E17 -> 1. Figures in 2020/21 and 2021/22 are likely to have been affected by the impact of COVID-19 on hospital stays.

Sheet External Causes of Deaths
B2: External causes of death excluded from analysis
B4: ICD10 Code | C4: Description
B6: Transport Accidents
B7: V01-V09 | C7: Pedestrian injured in transport accident
B8: V10-V19 | C8: Pedal cyclist injured in transport accident
B9: V20-V29 | C9: Motorcycle rider injured in transport accident
B10: V30-V39 | C10: Occupant of three-wheeled motor vehicle injured in transport accident
B11: V40-V49 | C11: Car occupant injured in transport accident
B12: V50-V59 | C12: Occupant of pick-up truck or van injured in transport accident
B13: V60-V69 | C13: Occupant of heavy transport vehicle injured in transport accident
B14: V70-V79 | C14: Bus occupant injured in transport accident
B15: V80-V89 | C15: Other land transport accidents
B16: V90-V94 | C16: Water transport accidents
B17: V95-V97 | C17: Air and space transport accidents
B18: V98-V99 | C18: Other and unspecified transport accidents
B20: Other external causes of accidental injury
B21: W20-W49 | C21: Exposure to inanimate mechanical forces
B22: W50-W64 | C22: Exposure to animate mechanical forces
B23: W65-W74 | C23: Accidental drowning and submersion
B24: W75-W84 | C24: Other accidental threats to breathing
B25: W85-W99 | C25: Exposure to electric current, radiation and extreme ambient air temperature and pressure
B26: X00-X09 | C26: Exposure to smoke, fire and flames
B27: X10-X19 | C27: Contact with heat and hot substances
B28: X20-X29 | C28: Contact with venomous animals and plants
B29: X30-X39 | C29: Exposure to forces of nature
B30: X40-X49 | C30: Accidental poisoning by and exposure to noxious substances
B31: X50-X57 | C31: Overexertion, travel and privation
B32: X58-X59 | C32: Accidental exposure to other and unspecified factors
... B36: Y35-Y36 | C36: Legal intervention and operations of war
B38: Complications of medical and surgical care
B39: Y40-Y59 | C39: Drugs, medicaments and biological substances causing adverse effects in therapeutic use
B40: Y60-Y69 | C40: Misadventures to patients during surgical and medical care
B41: Y70-Y82 | C41: Medical devices associated with adverse incidents in diagnostic and therapeutic use
B42: Y83-Y84 | C42: Surgical and other medical procedures as the cause of abnormal reaction of the patient, or of later complication, without mention of misadventure at the time of the procedure
B44: Please note that people who died where a fall is coded on the death record are included within the cohort; W00-W19 Falls
B46: Source: International Statistical Classification of Diseases and Related Health Problems (10th Revision) 2007
B47: http://www.who.int/classifications/icd/en/

Sheet data
A1: index | B1: fy | C1: category | D1: category_split | E1: qom
A2: =CONCATENATE(B2, C2, D2)
A3: =CONCATENATE(B3, C3, D3)
A4: =CONCATENATE(B4, C4, D4)
A5: =CONCATENATE(B5, C5, D5)
A6: =CONCATENATE(B6, C6, D6)
A7: =CONCATENATE(B7, C7, D7)
A8: =CONCATENATE(B8, C8, D8)
A9: =CONCATENATE(B9, C9, D9)
A10: =CONCATENATE(B10, C10, D10)
A11: =CONCATENATE(B11, C11, D11)
A12: =CONCATENATE(B12, C12, D12)
A13: =CONCATENATE(B13, C13, D13)
... A2500: =CONCATENATE(B2500, C2500, D2500)

Sheet calculation
A1: data rows | B1: =COUNTA(data!B:B)-1 -> 0
A2: data columns | B2: =COUNTA(data!1:1) -> 5
A4: superscript for provisional data | B4: ᴾ
A5: superscript for note 1 | B5: ¹
A6: superscript for note 2 | B6: ²
B9: {=INDEX(fy_range, MATCH(0, COUNTIF($A$9:A9, fy_range), 0))} -> #REF! | C9: {=INDEX(fy_range, MATCH(0, COUNTIF($A$9:B9, fy_range), 0))} -> #REF! | D9: {=INDEX(fy_range, MATCH(0, COUNTIF($A$9:C9, fy_range), 0))} -> #REF! | E9: {=INDEX(fy_range, MATCH(0, COUNTIF($A$9:D9, fy_range), 0))} -> #REF! | F9: {=INDEX(fy_range, MATCH(0, COUNTIF($A$9:E9, fy_range), 0))} -> #REF! | G9: {=INDEX(fy_range, MATCH(0, COUNTIF($A$9:F9, fy_range), 0))} -> #REF! | H9: {=INDEX(fy_range, MATCH(0, COUNTIF($A$9:G9, fy_range), 0))} -> #REF! | I9: {=INDEX(fy_range, MATCH(0, COUNTIF($A$9:H9, fy_range), 0))} -> #REF! | ... K9: {=INDEX(fy_range, MATCH(0, COUNTIF($A$9:J9, fy_range), 0))} -> #REF!
B10: =B9 -> #REF! | C10: =C9 -> #REF! | D10: =D9 -> #REF! | E10: =E9 -> #REF! | F10: =F9 -> #REF! | G10: =G9 -> #REF! | H10: =H9 -> #REF! | I10: =I9 -> #REF! | J10: =J9 -> #REF! | K10: =K9 & B4 -> #REF!
A12: 1 | B12: Scotland
A13: 2 | B13: Ayrshire and Arran | D13: publication type | E13: provisional
A14: 3 | B14: Borders | D14: provisional footnote | E14: ="Data for "& $K$9 &" are provisional. Please see Notes tab for more information." -> #REF!
A15: 4 | B15: Dumfries and Galloway | D15: provisional note | E15: =IF($E$13 = "provisional", "Hospital data and ", "") & "National Records of Scotland deaths data " & IF($E$13 = "provisional", "are", "is") & " provisional for " & $K$9 &". " & IF($E$13 = "provisional", "This publication will be updated in October 20" & RIGHT($K$9,2) & ". " & $E$16, "") -> #REF!
A16: 5 | B16: Fife | D16: provisional note (used by above) | E16: Hospital activity data is estimated to be 96% complete at Scotland level. However this is much lower for Forth Valley (50%) and as a result estimated figures for 2019/20 have been calculated for NHS Forth Valley and the Health and Social Care Partnerships within this area. These estimates have also been included in the Scotland figure.
A17: 6 | B17: Forth Valley | D17: COVID-19 footnote | E17: ="Figures in 2020/21 and 2021/22 are likely to have been affected by the impact of COVID-19 on hospital stays." -> Figures in 2020/21 and 2021/22 are likely to have been affected by the impact of COVID-19 on hospital stays.
A18: 7 | B18: Grampian
A19: 8 | B19: Greater Glasgow and Clyde
A20: 9 | B20: Highland
A21: 10 | B21: Lanarkshire
A22: 11 | B22: Lothian
A23: 12 | B23: Orkney
A24: 13 | B24: Shetland
A25: 14 | B25: Tayside
A26: 15 | B26: Western Isles
A28: 1 | B28: Scotland
A29: 2 | B29: Aberdeen City
A30: 3 | B30: Aberdeenshire
... A72: 6 | B72: 6 Remote Rural
